Protocollo;Gruppo;DataOraIncidente;Localizzazione1;STRADA1;Localizzazione2;STRADA2;Strada02;Chilometrica;DaSpecificare;NaturaIncidente;particolaritastrade;TipoStrada;FondoStradale;Pavimentazione;Segnaletica;CondizioneAtmosferica;Traffico;Visibilita;Illuminazione;NUM_FERITI;NUM_RISERVATA;NUM_MORTI;NUM_ILLESI;Longitudine;Latitudine;Confermato;Progressivo;TipoVeicolo;StatoVeicolo;TipoPersona;Sesso;Tipolesione;Deceduto;DecedutoDopo;CinturaCascoUtilizzato;Airbag
1722384;12;04/05/2007 00:10;Strada Urbana;VIA MATTEO BARTOLI;in corrispondenza;;del civico n. ;137;;Scontro frontale fra veicoli in marcia;Rettilineo;Una carreggiata a doppio senso;Bagnato (pioggia);Asfaltata;Verticale ed orizzontale;Pioggia in atto;Scarso;Buona;Sufficiente;4;0;0;1;;;-1;2;Autovettura privata;In marcia / fermata / arresto;Passeggero;M;Rimandato;0;NON DECEDUTO;Utilizzato;Inesistente
1722386;13;04/05/2007 08:20;Strada Urbana;VIA FIDIA;all'intersezione con;VIA MIRONE;VIA MIRONE;;;Scontro frontale/laterale DX fra veicoli in marcia;Incrocio;Una carreggiata a doppio senso;Bagnato (pioggia);Asfaltata;Orizzontale;Pioggia in atto;Scarso;Buona;Ore Diurne;0;0;0;4;;;-1;1;Autovettura privata;In marcia / fermata / arresto;Passeggero;M;Illeso;0;;Non accertato;Inesistente
1722386;13;04/05/2007 08:20;Strada Urbana;VIA FIDIA;all'intersezione con;VIA MIRONE;VIA MIRONE;;;Scontro frontale/laterale DX fra veicoli in marcia;Incrocio;Una carreggiata a doppio senso;Bagnato (pioggia);Asfaltata;Orizzontale;Pioggia in atto;Scarso;Buona;Ore Diurne;0;0;0;4;;;-1;1;Autovettura privata;In marcia / fermata / arresto;Conducente;F;Illeso;0;;Non accertato;Inesploso
1722386;13;04/05/2007 08:20;Strada Urbana;VIA FIDIA;all'intersezione con;VIA MIRONE;VIA MIRONE;;;Scontro frontale/laterale DX fra veicoli in marcia;Incrocio;Una carreggiata a doppio senso;Bagnato (pioggia);Asfaltata;Orizzontale;Pioggia in atto;Scarso;Buona;Ore Diurne;0;0;0;4;;;-1;2;Autovettura privata;In marcia / fermata / arresto;Conducente;F;Illeso;0;;Non accertato;Inesploso
1722386;13;04/05/2007 08:20;Strada Urbana;VIA FIDIA;all'intersezione con;VIA MIRONE;VIA MIRONE;;;Scontro frontale/laterale DX fra veicoli in marcia;Incrocio;Una carreggiata a doppio senso;Bagnato (pioggia);Asfaltata;Orizzontale;Pioggia in atto;Scarso;Buona;Ore Diurne;0;0;0;4;;;-1;2;Autovettura privata;In marcia / fermata / arresto;Passeggero;F;Illeso;0;;Non accertato;Inesploso
1722387;13;04/05/2007 12:00;Strada Urbana;VIA GIUSEPPE MOLTENI;all'intersezione con;VIA AMEDEO BOCCHI;VIA AMEDEO BOCCHI;;;Scontro frontale/laterale DX fra veicoli in marcia;Incrocio;Una carreggiata a doppio senso;Bagnato (pioggia);Asfaltata;Orizzontale;Pioggia in atto;Normale;Buona;Ore Diurne;0;0;0;2;;;-1;1;Autovettura privata;In marcia / fermata / arresto;Conducente;M;Illeso;0;;Non accertato;Inesploso
1722387;13;04/05/2007 12:00;Strada Urbana;VIA GIUSEPPE MOLTENI;all'intersezione con;VIA AMEDEO BOCCHI;VIA AMEDEO BOCCHI;;;Scontro frontale/laterale DX fra veicoli in marcia;Incrocio;Una carreggiata a doppio senso;Bagnato (pioggia);Asfaltata;Orizzontale;Pioggia in atto;Normale;Buona;Ore Diurne;0;0;0;2;;;-1;2;Autovettura privata;In marcia / fermata / arresto;Conducente;F;Illeso;0;;Non accertato;Inesploso
1722388;13;04/05/2007 12:03;Strada Urbana;VIA FRANCESCO INGOLI;all'intersezione con;VIA GIOVANNI BOLDINI;VIA GIOVANNI BOLDINI;;;Scontro frontale/laterale SX fra veicoli in marcia;Incrocio;Una carreggiata a senso unico alternato;Bagnato (pioggia);Asfaltata;Orizzontale;Pioggia in atto;Normale;Sufficiente;Ore Diurne;0;0;0;1;;;-1;1;Autovettura privata;In marcia / fermata / arresto;Conducente;M;Illeso;0;;Non accertato;Inesploso
1722389;13;04/05/2007 12:30;Strada Urbana;VIALE DEI ROMAGNOLI;da specificare;;;;pross Via Gambaro;Tamponamento Multiplo;Rettilineo;Una carreggiata a doppio senso;Bagnato (pioggia);Asfaltata;Orizzontale;Pioggia in atto;Intenso;Buona;Ore Diurne;4;0;0;2;;;-1;1;Autovettura privata;In marcia / fermata / arresto;Conducente;F;Rifiuta cure immediate;0;NON DECEDUTO;Non accertato;Inesistente
1722389;13;04/05/2007 12:30;Strada Urbana;VIALE DEI ROMAGNOLI;da specificare;;;;pross Via Gambaro;Tamponamento Multiplo;Rettilineo;Una carreggiata a doppio senso;Bagnato (pioggia);Asfaltata;Orizzontale;Pioggia in atto;Intenso;Buona;Ore Diurne;4;0;0;2;;;-1;2;Autovettura privata;In marcia / fermata / arresto;Conducente;F;Rimandato;0;NON DECEDUTO;Non accertato;Inesistente
1722389;13;04/05/2007 12:30;Strada Urbana;VIALE DEI ROMAGNOLI;da specificare;;;;pross Via Gambaro;Tamponamento Multiplo;Rettilineo;Una carreggiata a doppio senso;Bagnato (pioggia);Asfaltata;Orizzontale;Pioggia in atto;Intenso;Buona;Ore Diurne;4;0;0;2;;;-1;3;Autovettura privata;In marcia / fermata / arresto;Conducente;M;Illeso;0;;Non accertato;Inesistente
1722389;13;04/05/2007 12:30;Strada Urbana;VIALE DEI ROMAGNOLI;da specificare;;;;pross Via Gambaro;Tamponamento Multiplo;Rettilineo;Una carreggiata a doppio senso;Bagnato (pioggia);Asfaltata;Orizzontale;Pioggia in atto;Intenso;Buona;Ore Diurne;4;0;0;2;;;-1;4;Autovettura privata;In marcia / fermata / arresto;Conducente;F;Rimandato;0;NON DECEDUTO;Non accertato;Inesistente
1722389;13;04/05/2007 12:30;Strada Urbana;VIALE DEI ROMAGNOLI;da specificare;;;;pross Via Gambaro;Tamponamento Multiplo;Rettilineo;Una carreggiata a doppio senso;Bagnato (pioggia);Asfaltata;Orizzontale;Pioggia in atto;Intenso;Buona;Ore Diurne;4;0;0;2;;;-1;4;Autovettura privata;In marcia / fermata / arresto;Passeggero;F;Rimandato;0;NON DECEDUTO;Non accertato;Inesistente
1722389;13;04/05/2007 12:30;Strada Urbana;VIALE DEI ROMAGNOLI;da specificare;;;;pross Via Gambaro;Tamponamento Multiplo;Rettilineo;Una carreggiata a doppio senso;Bagnato (pioggia);Asfaltata;Orizzontale;Pioggia in atto;Intenso;Buona;Ore Diurne;4;0;0;2;;;-1;5;Autocarro inferiore 35 q.;In marcia / fermata / arresto;Conducente;M;Illeso;0;;Non accertato;Inesistente
1722390;13;04/05/2007 13:30;Strada Urbana;VIA DELLE FIAMME GIALLE;all'intersezione con;PIAZZA ALBERTO ALESSIO;PIAZZA ALBERTO ALESSIO;;;Scontro frontale/laterale DX fra veicoli in marcia;Incrocio;Una carreggiata a doppio senso;Asciutto;Asfaltata;Orizzontale;Sereno;Normale;Buona;Ore Diurne;0;0;0;2;;;-1;1;Autovettura privata;In marcia / fermata / arresto;Conducente;M;Illeso;0;;Non accertato;Inesistente
1722390;13;04/05/2007 13:30;Strada Urbana;VIA DELLE FIAMME GIALLE;all'intersezione con;PIAZZA ALBERTO ALESSIO;PIAZZA ALBERTO ALESSIO;;;Scontro frontale/laterale DX fra veicoli in marcia;Incrocio;Una carreggiata a doppio senso;Asciutto;Asfaltata;Orizzontale;Sereno;Normale;Buona;Ore Diurne;0;0;0;2;;;-1;2;Autovettura privata;In marcia / fermata / arresto;Conducente;M;Illeso;0;;Non accertato;Inesistente
1722391;13;04/05/2007 16:40;Strada Urbana;VIA GUIDO BIAGI;da specificare;;;;FRONTE MERCATO COMUNALE;Veicolo in marcia contro veicolo in sosta;Rettilineo;Una carreggiata a doppio senso;Asciutto;Asfaltata;Verticale ed orizzontale;Sereno;Scarso;Buona;Ore Diurne;0;0;0;1;;;-1;1;Autobus di linea;In marcia / fermata / arresto;Conducente;M;Illeso;0;;Utilizzato;Inesploso
1722392;13;04/05/2007 17:30;Strada Urbana;VIA GINO BONICHI;all'intersezione con;VIA ALBERTO GALLI;VIA ALBERTO GALLI;;;Scontro frontale/laterale SX fra veicoli in marcia;Incrocio;Una carreggiata a doppio senso;Asciutto;Asfaltata;Assente;Sereno;Normale;Buona;Ore Diurne;2;0;0;1;;;-1;1;Autovettura privata;In marcia / fermata / arresto;Conducente;M;Rimandato;0;NON DECEDUTO;Non accertato;Inesistente
1722392;13;04/05/2007 17:30;Strada Urbana;VIA GINO BONICHI;all'intersezione con;VIA ALBERTO GALLI;VIA ALBERTO GALLI;;;Scontro frontale/laterale SX fra veicoli in marcia;Incrocio;Una carreggiata a doppio senso;Asciutto;Asfaltata;Assente;Sereno;Normale;Buona;Ore Diurne;2;0;0;1;;;-1;1;Autovettura privata;In marcia / fermata / arresto;Passeggero;M;Rimandato;0;NON DECEDUTO;Non accertato;Inesistente
1722392;13;04/05/2007 17:30;Strada Urbana;VIA GINO BONICHI;all'intersezione con;VIA ALBERTO GALLI;VIA ALBERTO GALLI;;;Scontro frontale/laterale SX fra veicoli in marcia;Incrocio;Una carreggiata a doppio senso;Asciutto;Asfaltata;Assente;Sereno;Normale;Buona;Ore Diurne;2;0;0;1;;;-1;2;Autovettura privata;In marcia / fermata / arresto;Conducente;M;Illeso;0;;Non accertato;Inesistente
1722393;15;03/05/2007 10:15;Strada Urbana;VIALE GUGLIELMO MARCONI;in prossimità;;del civico n. ;75;;Scontro laterale fra veicoli in marcia;Rettilineo;Due carreggiate;Asciutto;Asfaltata;Orizzontale;Nuvoloso;Normale;Buona;Ore Diurne;0;0;0;2;;;-1;1;Autovettura privata;In marcia / fermata / arresto;Conducente;M;Illeso;0;;Utilizzato;Inesistente
1722393;15;03/05/2007 10:15;Strada Urbana;VIALE GUGLIELMO MARCONI;in prossimità;;del civico n. ;75;;Scontro laterale fra veicoli in marcia;Rettilineo;Due carreggiate;Asciutto;Asfaltata;Orizzontale;Nuvoloso;Normale;Buona;Ore Diurne;0;0;0;2;;;-1;2;Autovettura privata;In marcia / fermata / arresto;Conducente;M;Illeso;0;;Utilizzato;Inesistente
1722394;15;04/05/2007 07:30;Strada Urbana;VIALE GIUSEPPE SIRTORI;all'intersezione con;VIA PIETRO MARONCELLI;VIA PIETRO MARONCELLI;;;Scontro frontale/laterale DX fra veicoli in marcia;Incrocio;Due carreggiate;Bagnato (pioggia);Asfaltata;Orizzontale;Pioggia in atto;Normale;Buona;Ore Diurne;1;0;0;1;;;-1;1;Autovettura privata;In marcia / fermata / arresto;Conducente;F;Rimandato;0;NON DECEDUTO;Non utilizzato;Inesistente
1722394;15;04/05/2007 07:30;Strada Urbana;VIALE GIUSEPPE SIRTORI;all'intersezione con;VIA PIETRO MARONCELLI;VIA PIETRO MARONCELLI;;;Scontro frontale/laterale DX fra veicoli in marcia;Incrocio;Due carreggiate;Bagnato (pioggia);Asfaltata;Orizzontale;Pioggia in atto;Normale;Buona;Ore Diurne;1;0;0;1;;;-1;2;Autovettura privata;In marcia / fermata / arresto;Conducente;M;Illeso;0;;Utilizzato;Inesistente
1722395;15;04/05/2007 08:30;Strada Urbana;VIALE ALEXANDRE G. EIFFEL;da specificare;;;;area di sosta Fiera di  Roma;Scontro laterale fra veicoli in marcia;Rettilineo;Una carreggiata a doppio senso;Bagnato (pioggia);Asfaltata;Orizzontale;Pioggia in atto;Scarso;Buona;Ore Diurne;0;0;0;3;;;-1;1;Autocarro superiore 35 q.;In marcia / fermata / arresto;Conducente;M;Illeso;0;;Utilizzato;Inesistente
1722395;15;04/05/2007 08:30;Strada Urbana;VIALE ALEXANDRE G. EIFFEL;da specificare;;;;area di sosta Fiera di  Roma;Scontro laterale fra veicoli in marcia;Rettilineo;Una carreggiata a doppio senso;Bagnato (pioggia);Asfaltata;Orizzontale;Pioggia in atto;Scarso;Buona;Ore Diurne;0;0;0;3;;;-1;2;Autovettura privata;In marcia / fermata / arresto;Conducente;M;Illeso;0;;Utilizzato;Inesistente
1722395;15;04/05/2007 08:30;Strada Urbana;VIALE ALEXANDRE G. EIFFEL;da specificare;;;;area di sosta Fiera di  Roma;Scontro laterale fra veicoli in marcia;Rettilineo;Una carreggiata a doppio senso;Bagnato (pioggia);Asfaltata;Orizzontale;Pioggia in atto;Scarso;Buona;Ore Diurne;0;0;0;3;;;-1;2;Autovettura privata;In marcia / fermata / arresto;Passeggero;M;Illeso;0;;Utilizzato;Inesistente
1722396;15;04/05/2007 10:35;Strada Urbana;VIA ENRICO FERMI;in corrispondenza;;del civico n. ;34;;Investimento di pedone;Rettilineo;Due carreggiate;Bagnato (pioggia);Asfaltata;Orizzontale;Pioggia in atto;Scarso;Sufficiente;Ore Diurne;1;0;0;1;;;-1;;;;Pedone;M;Rifiuta cure immediate;0;NON DECEDUTO;;
1722396;15;04/05/2007 10:35;Strada Urbana;VIA ENRICO FERMI;in corrispondenza;;del civico n. ;34;;Investimento di pedone;Rettilineo;Due carreggiate;Bagnato (pioggia);Asfaltata;Orizzontale;Pioggia in atto;Scarso;Sufficiente;Ore Diurne;1;0;0;1;;;-1;1;Motociclo con passeggero;In marcia / fermata / arresto;Conducente;M;Illeso;0;;Utilizzato;Inesistente
1722397;15;04/05/2007 18:40;Strada Urbana;VIA DEL PONTE PISANO;da specificare;;;;600 m. dopo Pisana direz. Portuense;Veicolo in marcia contro ostacolo accidentale;Rettilineo;Una carreggiata a doppio senso;Asciutto;Con buche;Orizzontale;Nuvoloso;Normale;Buona;Ore Diurne;0;0;0;2;;;-1;1;Autovettura privata;In marcia / fermata / arresto;Conducente;M;Illeso;0;;Utilizzato;Inesistente
1722397;15;04/05/2007 18:40;Strada Urbana;VIA DEL PONTE PISANO;da specificare;;;;600 m. dopo Pisana direz. Portuense;Veicolo in marcia contro ostacolo accidentale;Rettilineo;Una carreggiata a doppio senso;Asciutto;Con buche;Orizzontale;Nuvoloso;Normale;Buona;Ore Diurne;0;0;0;2;;;-1;1;Autovettura privata;In marcia / fermata / arresto;Passeggero;F;Illeso;0;;Utilizzato;Inesistente
1722398;15;04/05/2007 18:45;Strada Urbana;VIA DEL PONTE PISANO;da specificare;;;;600 m. dopo Pisana direz. Portuense ;Veicolo in marcia contro ostacolo accidentale;Rettilineo;Una carreggiata a doppio senso;Asciutto;Con buche;Orizzontale;Nuvoloso;Normale;Buona;Ore Diurne;0;0;0;3;;;-1;1;Autovettura privata;In marcia / fermata / arresto;Passeggero;M;Illeso;0;;Non accertato;Inesistente
1722398;15;04/05/2007 18:45;Strada Urbana;VIA DEL PONTE PISANO;da specificare;;;;600 m. dopo Pisana direz. Portuense ;Veicolo in marcia contro ostacolo accidentale;Rettilineo;Una carreggiata a doppio senso;Asciutto;Con buche;Orizzontale;Nuvoloso;Normale;Buona;Ore Diurne;0;0;0;3;;;-1;1;Autovettura privata;In marcia / fermata / arresto;Passeggero;M;Illeso;0;;Non accertato;Inesistente
1722398;15;04/05/2007 18:45;Strada Urbana;VIA DEL PONTE PISANO;da specificare;;;;600 m. dopo Pisana direz. Portuense ;Veicolo in marcia contro ostacolo accidentale;Rettilineo;Una carreggiata a doppio senso;Asciutto;Con buche;Orizzontale;Nuvoloso;Normale;Buona;Ore Diurne;0;0;0;3;;;-1;1;Autovettura privata;In marcia / fermata / arresto;Conducente;F;Illeso;0;;Utilizzato;Inesistente
1722399;15;04/05/2007 18:50;Strada Urbana;VIA DEL PONTE PISANO;da specificare;;;;600 m. dopo Pisana direz. Portuense;Veicolo in marcia contro ostacolo accidentale;Rettilineo;Una carreggiata a doppio senso;Asciutto;Con buche;Orizzontale;Nuvoloso;Normale;Buona;Ore Diurne;0;0;0;2;;;-1;1;Autovettura privata;In marcia / fermata / arresto;Conducente;F;Illeso;0;;Utilizzato;Inesistente
1722399;15;04/05/2007 18:50;Strada Urbana;VIA DEL PONTE PISANO;da specificare;;;;600 m. dopo Pisana direz. Portuense;Veicolo in marcia contro ostacolo accidentale;Rettilineo;Una carreggiata a doppio senso;Asciutto;Con buche;Orizzontale;Nuvoloso;Normale;Buona;Ore Diurne;0;0;0;2;;;-1;1;Autovettura privata;In marcia / fermata / arresto;Passeggero;M;Illeso;0;;Utilizzato;Inesistente
1722414;18;04/05/2007 11:30;Strada Urbana;VIA ALESSANDRO GUIDICCIONI;all'intersezione con;VIA VINCENZO SARTORI;VIA VINCENZO SARTORI;;;Tamponamento;Incrocio;Una carreggiata a senso unico di marcia;Bagnato (pioggia);Asfaltata;Verticale ed orizzontale;Sereno;Scarso;Buona;Ore Diurne;1;0;0;1;;;-1;1;Motociclo a solo;In marcia / fermata / arresto;Conducente;F;Rifiuta cure immediate;0;NON DECEDUTO;Non accertato;Inesistente
1722414;18;04/05/2007 11:30;Strada Urbana;VIA ALESSANDRO GUIDICCIONI;all'intersezione con;VIA VINCENZO SARTORI;VIA VINCENZO SARTORI;;;Tamponamento;Incrocio;Una carreggiata a senso unico di marcia;Bagnato (pioggia);Asfaltata;Verticale ed orizzontale;Sereno;Scarso;Buona;Ore Diurne;1;0;0;1;;;-1;2;Autovettura privata;In marcia / fermata / arresto;Conducente;F;Illeso;0;;Non accertato;Inesistente
1722415;18;04/05/2007 13:50;Strada Urbana;VIA ENRICO BONDI;in corrispondenza;;del civico n. ;263;;Veicolo in marcia contro veicolo arresto;Rettilineo;Una carreggiata a senso unico di marcia;Asciutto;Asfaltata;Verticale ed orizzontale;Nuvoloso;Normale;Buona;Ore Diurne;1;0;0;1;;;-1;1;Autovettura privata;In marcia / fermata / arresto;Conducente;M;Ricoverato;0;NON DECEDUTO;Non accertato;Inesistente
1722415;18;04/05/2007 13:50;Strada Urbana;VIA ENRICO BONDI;in corrispondenza;;del civico n. ;263;;Veicolo in marcia contro veicolo arresto;Rettilineo;Una carreggiata a senso unico di marcia;Asciutto;Asfaltata;Verticale ed orizzontale;Nuvoloso;Normale;Buona;Ore Diurne;1;0;0;1;;;-1;2;Autovettura privata;In marcia / fermata / arresto;Conducente;M;Illeso;0;;Non accertato;Inesploso
1722416;18;04/05/2007 16:30;Statale entro l'abitato;VIA AURELIA;da specificare;;;;direzione centro prox. via Coviello;Scontro laterale fra veicoli in marcia;Rettilineo;Più di due carreggiate;Asciutto;Asfaltata;Verticale ed orizzontale;Nuvoloso;Intenso;Buona;Ore Diurne;0;0;0;2;;;-1;1;Autovettura privata;In marcia / fermata / arresto;Conducente;M;Illeso;0;;Non accertato;Inesistente
1722416;18;04/05/2007 16:30;Statale entro l'abitato;VIA AURELIA;da specificare;;;;direzione centro prox. via Coviello;Scontro laterale fra veicoli in marcia;Rettilineo;Più di due carreggiate;Asciutto;Asfaltata;Verticale ed orizzontale;Nuvoloso;Intenso;Buona;Ore Diurne;0;0;0;2;;;-1;2;Autocarro superiore 35 q.;In marcia / fermata / arresto;Conducente;M;Illeso;0;;Non accertato;Inesistente
1722417;18;04/05/2007 16:30;Statale;VIA AURELIA;in corrispondenza;;della chilometrica ;8,7;;Tamponamento;Rettilineo;Due carreggiate;Asciutto;Asfaltata;Verticale ed orizzontale;Sereno;Intenso;Buona;Ore Diurne;0;0;0;3;;;-1;1;Autovettura privata;In marcia / fermata / arresto;Conducente;M;Illeso;0;;Non accertato;Inesploso
1722417;18;04/05/2007 16:30;Statale;VIA AURELIA;in corrispondenza;;della chilometrica ;8,7;;Tamponamento;Rettilineo;Due carreggiate;Asciutto;Asfaltata;Verticale ed orizzontale;Sereno;Intenso;Buona;Ore Diurne;0;0;0;3;;;-1;1;Autovettura privata;In marcia / fermata / arresto;Passeggero;F;Illeso;0;;Non accertato;Inesploso
1722417;18;04/05/2007 16:30;Statale;VIA AURELIA;in corrispondenza;;della chilometrica ;8,7;;Tamponamento;Rettilineo;Due carreggiate;Asciutto;Asfaltata;Verticale ed orizzontale;Sereno;Intenso;Buona;Ore Diurne;0;0;0;3;;;-1;2;Autovettura privata;In marcia / fermata / arresto;Conducente;M;Illeso;0;;Non accertato;Inesistente
1722418;18;05/05/2007 03:30;Strada Urbana;VIA DI BOCCEA;in prossimità;;del civico n. ;330;;Veicolo in marcia contro ostacolo accidentale;Rettilineo;Una carreggiata a doppio senso;Asciutto;Asfaltata;Verticale ed orizzontale;Sereno;Scarso;Sufficiente;Sufficiente;1;0;0;0;;;-1;1;Motociclo a solo;In marcia / fermata / arresto;Conducente;M;Rimandato;0;NON DECEDUTO;Utilizzato;Inesistente
1722419;18;05/05/2007 08:50;Strada Urbana;VIA CORNELIA;all'intersezione con;VIA GIOVANNI SENZATERRA;VIA GIOVANNI SENZATERRA;;;Investimento di pedone;Intersezione stradale segnalata;Una carreggiata a doppio senso;Asciutto;Asfaltata;Verticale ed orizzontale;Nuvoloso;Normale;Buona;Ore Diurne;2;0;0;0;;;-1;;;;Pedone;F;Ricoverato;0;NON DECEDUTO;;
1722419;18;05/05/2007 08:50;Strada Urbana;VIA CORNELIA;all'intersezione con;VIA GIOVANNI SENZATERRA;VIA GIOVANNI SENZATERRA;;;Investimento di pedone;Intersezione stradale segnalata;Una carreggiata a doppio senso;Asciutto;Asfaltata;Verticale ed orizzontale;Nuvoloso;Normale;Buona;Ore Diurne;2;0;0;0;;;-1;1;Motociclo a solo;In marcia / fermata / arresto;Conducente;M;Rimandato;0;NON DECEDUTO;Utilizzato;Inesistente
1722421;19;04/05/2007 09:20;Strada Urbana;VIA PIETRO BEMBO;in prossimità;;del civico n. ;189;;Veicolo in marcia contro veicolo fermo;Rettilineo;Una carreggiata a doppio senso;Bagnato (pioggia);Asfaltata;Orizzontale;Pioggia in atto;Normale;Buona;Ore Diurne;1;0;0;1;;;-1;1;Autocarro inferiore 35 q.;In marcia / fermata / arresto;Conducente;M;Illeso;0;;Utilizzato;Inesistente
1722421;19;04/05/2007 09:20;Strada Urbana;VIA PIETRO BEMBO;in prossimità;;del civico n. ;189;;Veicolo in marcia contro veicolo fermo;Rettilineo;Una carreggiata a doppio senso;Bagnato (pioggia);Asfaltata;Orizzontale;Pioggia in atto;Normale;Buona;Ore Diurne;1;0;0;1;;;-1;2;Motociclo a solo;In marcia / fermata / arresto;Conducente;M;Rimandato;0;NON DECEDUTO;Utilizzato;Inesistente
1722422;19;04/05/2007 09:55;Strada Urbana;VIA DI TORREVECCHIA;in prossimità;;del civico n. ;653;;Tamponamento Multiplo;Rettilineo;Una carreggiata a doppio senso;Bagnato (pioggia);Asfaltata;Orizzontale;Pioggia in atto;Normale;Buona;Ore Diurne;1;0;0;0;;;-1;1;Autovettura privata;In marcia / fermata / arresto;Conducente;M;Rimandato;0;NON DECEDUTO;Utilizzato;Inesistente
1722423;19;04/05/2007 10:55;Strada Urbana;VIA DI TORREVECCHIA;all'intersezione con;VIA MONTEBRUNO;VIA MONTEBRUNO;;;Scontro frontale/laterale DX fra veicoli in marcia;Incrocio;Una carreggiata a doppio senso;Bagnato (pioggia);Asfaltata;Orizzontale;Pioggia in atto;Intenso;Buona;Ore Diurne;0;0;0;2;;;-1;1;Autovettura privata;In marcia / fermata / arresto;Conducente;F;Illeso;0;;Utilizzato;Inesistente
1722423;19;04/05/2007 10:55;Strada Urbana;VIA DI TORREVECCHIA;all'intersezione con;VIA MONTEBRUNO;VIA MONTEBRUNO;;;Scontro frontale/laterale DX fra veicoli in marcia;Incrocio;Una carreggiata a doppio senso;Bagnato (pioggia);Asfaltata;Orizzontale;Pioggia in atto;Intenso;Buona;Ore Diurne;0;0;0;2;;;-1;2;Motociclo a solo;In marcia / fermata / arresto;Conducente;M;Illeso;0;;Utilizzato;Inesistente
1722424;19;04/05/2007 12:00;Strada Urbana;VIA DEL MONTE DELLA CAPANNA;da specificare;;;;prossimità cabina Italgas n° B00396;Scontro frontale fra veicoli in marcia;Curva senza visuale libera;Una carreggiata a doppio senso;Bagnato (pioggia);Asfaltata;Assente;Pioggia in atto;Normale;Buona;Ore Diurne;2;0;1;-1;;;-1;1;Autovettura privata;In marcia / fermata / arresto;Conducente;M;Ricoverato;0;DECEDUTO ENTRO 2 MESI;Utilizzato;Inesistente
1722424;19;04/05/2007 12:00;Strada Urbana;VIA DEL MONTE DELLA CAPANNA;da specificare;;;;prossimità cabina Italgas n° B00396;Scontro frontale fra veicoli in marcia;Curva senza visuale libera;Una carreggiata a doppio senso;Bagnato (pioggia);Asfaltata;Assente;Pioggia in atto;Normale;Buona;Ore Diurne;2;0;1;-1;;;-1;2;Autovettura privata;In marcia / fermata / arresto;Conducente;M;Rimandato;0;NON DECEDUTO;Utilizzato;Inesistente
1722425;19;04/05/2007 12:00;Strada Urbana;VIA DI S. MARIA DI GALERIA;da specificare;;;;300 mt. dal civ. 213 (dir. Boccea);Fuoriuscita dalla sede stradale;Cunetta;Una carreggiata a doppio senso;Bagnato (pioggia);Asfaltata;Orizzontale;Pioggia in atto;Scarso;Sufficiente;Ore Diurne;0;0;0;1;;;-1;1;Autovettura privata;In marcia / fermata / arresto;Conducente;M;Illeso;0;;Utilizzato;Inesistente
1722426;19;04/05/2007 13:40;Strada Urbana;VIA DI TORREVECCHIA;all'intersezione con;VIA MARCELLO PROVENZALE;VIA MARCELLO PROVENZALE;;;Scontro frontale/laterale SX fra veicoli in marcia;Incrocio;Una carreggiata a senso unico di marcia;Asciutto;Asfaltata;Verticale ed orizzontale;Nuvoloso;Normale;Buona;Ore Diurne;0;0;0;2;;;-1;1;Ciclomotore;In marcia / fermata / arresto;Conducente;F;Illeso;0;;Utilizzato;Inesistente
1722426;19;04/05/2007 13:40;Strada Urbana;VIA DI TORREVECCHIA;all'intersezione con;VIA MARCELLO PROVENZALE;VIA MARCELLO PROVENZALE;;;Scontro frontale/laterale SX fra veicoli in marcia;Incrocio;Una carreggiata a senso unico di marcia;Asciutto;Asfaltata;Verticale ed orizzontale;Nuvoloso;Normale;Buona;Ore Diurne;0;0;0;2;;;-1;2;Autovettura privata;In marcia / fermata / arresto;Conducente;F;Illeso;0;;Utilizzato;Inesistente
1722427;19;04/05/2007 13:40;Strada Urbana;VIA PASQUALE II;in prossimità;;del civico n. ;201;;Scontro laterale fra veicoli in marcia;Rettilineo;Una carreggiata a doppio senso;Bagnato (umidità in atto);Asfaltata;Assente;Nuvoloso;Normale;Sufficiente;Ore Diurne;0;0;0;6;;;-1;1;Autovettura privata;In marcia / fermata / arresto;Conducente;F;Illeso;0;;Utilizzato;Inesistente
1722427;19;04/05/2007 13:40;Strada Urbana;VIA PASQUALE II;in prossimità;;del civico n. ;201;;Scontro laterale fra veicoli in marcia;Rettilineo;Una carreggiata a doppio senso;Bagnato (umidità in atto);Asfaltata;Assente;Nuvoloso;Normale;Sufficiente;Ore Diurne;0;0;0;6;;;-1;1;Autovettura privata;In marcia / fermata / arresto;Passeggero;M;Illeso;0;;Non accertato;Inesistente
1722427;19;04/05/2007 13:40;Strada Urbana;VIA PASQUALE II;in prossimità;;del civico n. ;201;;Scontro laterale fra veicoli in marcia;Rettilineo;Una carreggiata a doppio senso;Bagnato (umidità in atto);Asfaltata;Assente;Nuvoloso;Normale;Sufficiente;Ore Diurne;0;0;0;6;;;-1;1;Autovettura privata;In marcia / fermata / arresto;Passeggero;M;Illeso;0;;Utilizzato;Inesistente
1722427;19;04/05/2007 13:40;Strada Urbana;VIA PASQUALE II;in prossimità;;del civico n. ;201;;Scontro laterale fra veicoli in marcia;Rettilineo;Una carreggiata a doppio senso;Bagnato (umidità in atto);Asfaltata;Assente;Nuvoloso;Normale;Sufficiente;Ore Diurne;0;0;0;6;;;-1;2;Autovettura privata;In marcia / fermata / arresto;Conducente;M;Illeso;0;;Utilizzato;Inesistente