Protocollo;Gruppo;DataOraIncidente;Localizzazione1;STRADA1;Localizzazione2;STRADA2;Strada02;Chilometrica;DaSpecificare;NaturaIncidente;particolaritastrade;TipoStrada;FondoStradale;Pavimentazione;Segnaletica;CondizioneAtmosferica;Traffico;Visibilita;Illuminazione;NUM_FERITI;NUM_RISERVATA;NUM_MORTI;NUM_ILLESI;Longitudine;Latitudine;Confermato;Progressivo;TipoVeicolo;StatoVeicolo;TipoPersona;Sesso;Tipolesione;Deceduto;DecedutoDopo;CinturaCascoUtilizzato;Airbag
1723077;11;04/05/2007 18:30;Strada Urbana;VIA LAURENTINA;da specificare;;;;in prossimità V. del Tintoretto;Tamponamento;Rettilineo;Due carreggiate;Asciutto;Asfaltata;Orizzontale;Nuvoloso;Normale;Buona;Ore Diurne;1;0;0;2;;;-1;2;Autovettura privata;In marcia / fermata / arresto;Passeggero;F;Illeso;0;;Non accertato;Inesistente
1723078;12;08/05/2007 11:25;Strada Urbana;VIA CRISTOFORO COLOMBO;da specificare;;;;laterale alt. p.le Agricoltura;Infortunio per caduta del veicolo;Rettilineo;Due carreggiate;Asciutto;Asfaltata;Verticale ed orizzontale;Sereno;Normale;Buona;Ore Diurne;1;0;0;0;;;-1;1;Ciclomotore;In marcia / fermata / arresto;Conducente;M;Rimandato;0;NON DECEDUTO;Utilizzato;Inesistente
1723079;12;08/05/2007 15:25;Strada Urbana;PIAZZALE GIULIO DOUHET;da specificare;;;;fronte civico 13;Scontro laterale fra veicoli in marcia;Curva a visuale libera;Una carreggiata a senso unico di marcia;Asciutto;Asfaltata;Verticale;Sereno;Normale;Buona;Ore Diurne;0;0;0;2;;;-1;1;Autovettura privata;In marcia / fermata / arresto;Conducente;F;Illeso;0;;Utilizzato;Inesistente
1723079;12;08/05/2007 15:25;Strada Urbana;PIAZZALE GIULIO DOUHET;da specificare;;;;fronte civico 13;Scontro laterale fra veicoli in marcia;Curva a visuale libera;Una carreggiata a senso unico di marcia;Asciutto;Asfaltata;Verticale;Sereno;Normale;Buona;Ore Diurne;0;0;0;2;;;-1;2;Autovettura privata;In marcia / fermata / arresto;Conducente;M;Illeso;0;;Utilizzato;Inesistente
1723080;12;08/05/2007 17:35;Strada Urbana;PIAZZALE DELL'INDUSTRIA;in corrispondenza;;del civico n. ;46;;Scontro frontale/laterale DX fra veicoli in marcia;Rettilineo;Una carreggiata a doppio senso;Asciutto;Asfaltata;Verticale ed orizzontale;Sereno;Normale;Buona;Ore Diurne;1;0;0;1;;;-1;1;Autovettura privata;In marcia / fermata / arresto;Conducente;M;Illeso;0;;Utilizzato;Inesistente
1723080;12;08/05/2007 17:35;Strada Urbana;PIAZZALE DELL'INDUSTRIA;in corrispondenza;;del civico n. ;46;;Scontro frontale/laterale DX fra veicoli in marcia;Rettilineo;Una carreggiata a doppio senso;Asciutto;Asfaltata;Verticale ed orizzontale;Sereno;Normale;Buona;Ore Diurne;1;0;0;1;;;-1;2;Motociclo a solo;In marcia / fermata / arresto;Conducente;M;Rimandato;0;NON DECEDUTO;Utilizzato;Inesistente
1723081;12;08/05/2007 18:30;Strada Urbana;VIA LAURENTINA;da specificare;;;;direz. GRA pross.tà V.le Umanesimo;Tamponamento Multiplo;Rettilineo;Una carreggiata a senso unico di marcia;Asciutto;Asfaltata;Verticale ed orizzontale;Sereno;Intenso;Buona;Ore Diurne;1;0;0;5;;;-1;1;Autovettura privata;In marcia / fermata / arresto;Conducente;F;Illeso;0;;Utilizzato;Inesistente
1723081;12;08/05/2007 18:30;Strada Urbana;VIA LAURENTINA;da specificare;;;;direz. GRA pross.tà V.le Umanesimo;Tamponamento Multiplo;Rettilineo;Una carreggiata a senso unico di marcia;Asciutto;Asfaltata;Verticale ed orizzontale;Sereno;Intenso;Buona;Ore Diurne;1;0;0;5;;;-1;2;Autovettura privata;In marcia / fermata / arresto;Conducente;M;Illeso;0;;Utilizzato;Inesistente
1723081;12;08/05/2007 18:30;Strada Urbana;VIA LAURENTINA;da specificare;;;;direz. GRA pross.tà V.le Umanesimo;Tamponamento Multiplo;Rettilineo;Una carreggiata a senso unico di marcia;Asciutto;Asfaltata;Verticale ed orizzontale;Sereno;Intenso;Buona;Ore Diurne;1;0;0;5;;;-1;2;Autovettura privata;In marcia / fermata / arresto;Passeggero;F;Rimandato;0;NON DECEDUTO;Utilizzato;Inesistente
1723081;12;08/05/2007 18:30;Strada Urbana;VIA LAURENTINA;da specificare;;;;direz. GRA pross.tà V.le Umanesimo;Tamponamento Multiplo;Rettilineo;Una carreggiata a senso unico di marcia;Asciutto;Asfaltata;Verticale ed orizzontale;Sereno;Intenso;Buona;Ore Diurne;1;0;0;5;;;-1;3;Autovettura privata;In marcia / fermata / arresto;Conducente;M;Illeso;0;;Utilizzato;Inesistente
1723081;12;08/05/2007 18:30;Strada Urbana;VIA LAURENTINA;da specificare;;;;direz. GRA pross.tà V.le Umanesimo;Tamponamento Multiplo;Rettilineo;Una carreggiata a senso unico di marcia;Asciutto;Asfaltata;Verticale ed orizzontale;Sereno;Intenso;Buona;Ore Diurne;1;0;0;5;;;-1;3;Autovettura privata;In marcia / fermata / arresto;Passeggero;M;Illeso;0;;Utilizzato;Inesistente
1723081;12;08/05/2007 18:30;Strada Urbana;VIA LAURENTINA;da specificare;;;;direz. GRA pross.tà V.le Umanesimo;Tamponamento Multiplo;Rettilineo;Una carreggiata a senso unico di marcia;Asciutto;Asfaltata;Verticale ed orizzontale;Sereno;Intenso;Buona;Ore Diurne;1;0;0;5;;;-1;3;Autovettura privata;In marcia / fermata / arresto;Passeggero;M;Illeso;0;;Utilizzato;Inesistente
1723082;12;09/05/2007 07:30;Strada Urbana;VIA DELLA CECCHIGNOLA;all'intersezione con;VIA DI CASTEL DI LEVA;VIA DI CASTEL DI LEVA;;;Scontro frontale/laterale SX fra veicoli in marcia;Intersezione stradale segnalata;Una carreggiata a doppio senso;Asciutto;Asfaltata;Verticale ed orizzontale;Sereno;Normale;Buona;Ore Diurne;0;0;0;2;;;-1;1;Autovettura privata;In marcia / fermata / arresto;Conducente;M;Illeso;0;;Utilizzato;Inesploso
1723082;12;09/05/2007 07:30;Strada Urbana;VIA DELLA CECCHIGNOLA;all'intersezione con;VIA DI CASTEL DI LEVA;VIA DI CASTEL DI LEVA;;;Scontro frontale/laterale SX fra veicoli in marcia;Intersezione stradale segnalata;Una carreggiata a doppio senso;Asciutto;Asfaltata;Verticale ed orizzontale;Sereno;Normale;Buona;Ore Diurne;0;0;0;2;;;-1;2;Ciclomotore;In marcia / fermata / arresto;Conducente;M;Illeso;0;;Utilizzato;Inesistente
1723083;12;09/05/2007 09:05;Strada Urbana;VIALE FILIPPO TOMMASO MARINETTI;in prossimità;;del civico n. ;36;;Scontro frontale/laterale DX fra veicoli in marcia;Rettilineo;Due carreggiate;Asciutto;Asfaltata;Orizzontale;Sereno;Normale;Buona;Ore Diurne;1;0;0;1;;;-1;1;Autovettura privata;In marcia / fermata / arresto;Conducente;M;Illeso;0;;Utilizzato;Inesistente
1723083;12;09/05/2007 09:05;Strada Urbana;VIALE FILIPPO TOMMASO MARINETTI;in prossimità;;del civico n. ;36;;Scontro frontale/laterale DX fra veicoli in marcia;Rettilineo;Due carreggiate;Asciutto;Asfaltata;Orizzontale;Sereno;Normale;Buona;Ore Diurne;1;0;0;1;;;-1;2;Autovettura privata;In marcia / fermata / arresto;Conducente;F;Rimandato;0;NON DECEDUTO;Utilizzato;Inesploso
1723084;12;09/05/2007 09:15;Strada Urbana;VIALE BEETHOVEN;in prossimità;;del civico n. ;25;;Scontro laterale fra veicoli in marcia;Rettilineo;Una carreggiata a doppio senso;Asciutto;Asfaltata;Verticale ed orizzontale;Sereno;Normale;Buona;Ore Diurne;0;0;0;2;;;-1;1;Motociclo a solo;In marcia / fermata / arresto;Conducente;M;Illeso;0;;Utilizzato;Inesistente
1723084;12;09/05/2007 09:15;Strada Urbana;VIALE BEETHOVEN;in prossimità;;del civico n. ;25;;Scontro laterale fra veicoli in marcia;Rettilineo;Una carreggiata a doppio senso;Asciutto;Asfaltata;Verticale ed orizzontale;Sereno;Normale;Buona;Ore Diurne;0;0;0;2;;;-1;2;Autovettura privata;In marcia / fermata / arresto;Conducente;F;Illeso;0;;Utilizzato;Inesistente
1723085;12;09/05/2007 09:55;Strada Urbana;VIALE DELL'UMANESIMO;all'intersezione semaforizzata con;VIALE DELL'OCEANO ATLANTICO;VIALE DELL'OCEANO ATLANTICO;;;Scontro frontale/laterale SX fra veicoli in marcia;Intersezione semaforizzata;Una carreggiata a doppio senso;Asciutto;Asfaltata;Verticale ed orizzontale;Sereno;Normale;Buona;Ore Diurne;0;0;0;2;;;-1;1;Autovettura privata;In marcia / fermata / arresto;Conducente;M;Illeso;0;;Utilizzato;Inesploso
1723085;12;09/05/2007 09:55;Strada Urbana;VIALE DELL'UMANESIMO;all'intersezione semaforizzata con;VIALE DELL'OCEANO ATLANTICO;VIALE DELL'OCEANO ATLANTICO;;;Scontro frontale/laterale SX fra veicoli in marcia;Intersezione semaforizzata;Una carreggiata a doppio senso;Asciutto;Asfaltata;Verticale ed orizzontale;Sereno;Normale;Buona;Ore Diurne;0;0;0;2;;;-1;2;Autovettura privata;In marcia / fermata / arresto;Conducente;F;Illeso;0;;Utilizzato;Inesistente
1723086;12;09/05/2007 10:20;Strada Urbana;VIA DESERTO DI GOBI;da specificare;;;;fronte civico 19;Veicolo in marcia contro veicolo in sosta;Rettilineo;Una carreggiata a doppio senso;Asciutto;Asfaltata;Assente;Sereno;Scarso;Buona;Ore Diurne;0;0;0;2;;;-1;1;Autovettura privata;In marcia / fermata / arresto;Conducente;M;Illeso;0;;Utilizzato;Inesistente
1723086;12;09/05/2007 10:20;Strada Urbana;VIA DESERTO DI GOBI;da specificare;;;;fronte civico 19;Veicolo in marcia contro veicolo in sosta;Rettilineo;Una carreggiata a doppio senso;Asciutto;Asfaltata;Assente;Sereno;Scarso;Buona;Ore Diurne;0;0;0;2;;;-1;2;Autovettura privata;In marcia / fermata / arresto;Conducente;M;Illeso;0;;Utilizzato;Inesistente
1723087;12;09/05/2007 11:15;Provinciale entro l'abitato;VIA LAURENTINA;da specificare;;;;direzione roma centro altezza gra;Tamponamento Multiplo;Rettilineo;Due carreggiate;Asciutto;Asfaltata;Verticale ed orizzontale;Sereno;Normale;Buona;Ore Diurne;0;0;0;4;;;-1;1;Autovettura privata;In marcia / fermata / arresto;Conducente;M;Illeso;0;;Utilizzato;Inesistente
1723087;12;09/05/2007 11:15;Provinciale entro l'abitato;VIA LAURENTINA;da specificare;;;;direzione roma centro altezza gra;Tamponamento Multiplo;Rettilineo;Due carreggiate;Asciutto;Asfaltata;Verticale ed orizzontale;Sereno;Normale;Buona;Ore Diurne;0;0;0;4;;;-1;2;Autovettura privata;In marcia / fermata / arresto;Conducente;F;Illeso;0;;Utilizzato;Inesploso
1723087;12;09/05/2007 11:15;Provinciale entro l'abitato;VIA LAURENTINA;da specificare;;;;direzione roma centro altezza gra;Tamponamento Multiplo;Rettilineo;Due carreggiate;Asciutto;Asfaltata;Verticale ed orizzontale;Sereno;Normale;Buona;Ore Diurne;0;0;0;4;;;-1;2;Autovettura privata;In marcia / fermata / arresto;Passeggero;M;Illeso;0;;Utilizzato;Inesistente
1723087;12;09/05/2007 11:15;Provinciale entro l'abitato;VIA LAURENTINA;da specificare;;;;direzione roma centro altezza gra;Tamponamento Multiplo;Rettilineo;Due carreggiate;Asciutto;Asfaltata;Verticale ed orizzontale;Sereno;Normale;Buona;Ore Diurne;0;0;0;4;;;-1;3;Autovettura privata;In marcia / fermata / arresto;Conducente;M;Illeso;0;;Utilizzato;Inesploso
1723088;12;09/05/2007 11:35;Strada Urbana;VIALE BEETHOVEN;in corrispondenza;;del civico n. ;12;;Tamponamento Multiplo;Rettilineo;Una carreggiata a doppio senso;Asciutto;Asfaltata;Verticale ed orizzontale;Sereno;Normale;Buona;Ore Diurne;1;0;0;2;;;-1;1;Autovettura privata;In marcia / fermata / arresto;Conducente;M;Illeso;0;;Utilizzato;Inesistente
1723088;12;09/05/2007 11:35;Strada Urbana;VIALE BEETHOVEN;in corrispondenza;;del civico n. ;12;;Tamponamento Multiplo;Rettilineo;Una carreggiata a doppio senso;Asciutto;Asfaltata;Verticale ed orizzontale;Sereno;Normale;Buona;Ore Diurne;1;0;0;2;;;-1;2;Autovettura privata;In marcia / fermata / arresto;Conducente;M;Rimandato;0;NON DECEDUTO;Utilizzato;Inesistente
1723088;12;09/05/2007 11:35;Strada Urbana;VIALE BEETHOVEN;in corrispondenza;;del civico n. ;12;;Tamponamento Multiplo;Rettilineo;Una carreggiata a doppio senso;Asciutto;Asfaltata;Verticale ed orizzontale;Sereno;Normale;Buona;Ore Diurne;1;0;0;2;;;-1;3;Autovettura di polizia;In marcia / fermata / arresto;Conducente;M;Illeso;0;;Utilizzato;Inesistente
1723089;12;09/05/2007 15:30;Strada Urbana;VIA DELLE TRE FONTANE;all'intersezione con;VIA DI VAL FIORITA;VIA DI VAL FIORITA;;;Scontro frontale/laterale SX fra veicoli in marcia;Intersezione stradale segnalata;Una carreggiata a doppio senso;Asciutto;Asfaltata;Verticale ed orizzontale;Sereno;Normale;Buona;Ore Diurne;1;0;0;2;;;-1;1;Autovettura privata;In marcia / fermata / arresto;Conducente;M;Illeso;0;;Utilizzato;Inesistente
1723089;12;09/05/2007 15:30;Strada Urbana;VIA DELLE TRE FONTANE;all'intersezione con;VIA DI VAL FIORITA;VIA DI VAL FIORITA;;;Scontro frontale/laterale SX fra veicoli in marcia;Intersezione stradale segnalata;Una carreggiata a doppio senso;Asciutto;Asfaltata;Verticale ed orizzontale;Sereno;Normale;Buona;Ore Diurne;1;0;0;2;;;-1;1;Autovettura privata;In marcia / fermata / arresto;Passeggero;F;Illeso;0;;Utilizzato;Inesistente
1723089;12;09/05/2007 15:30;Strada Urbana;VIA DELLE TRE FONTANE;all'intersezione con;VIA DI VAL FIORITA;VIA DI VAL FIORITA;;;Scontro frontale/laterale SX fra veicoli in marcia;Intersezione stradale segnalata;Una carreggiata a doppio senso;Asciutto;Asfaltata;Verticale ed orizzontale;Sereno;Normale;Buona;Ore Diurne;1;0;0;2;;;-1;2;Motociclo a solo;In marcia / fermata / arresto;Conducente;F;Rimandato;0;NON DECEDUTO;Utilizzato;Inesistente
1723090;12;09/05/2007 17:35;Strada Urbana;VIALE BEATA VERGINE DEL CARMELO;all'intersezione con;VIA PADRE GIOVANNI ANTONIO FILIPPINI;VIA PADRE GIOVANNI ANTONIO FILIPPINI;;;Scontro frontale/laterale DX fra veicoli in marcia;Intersezione stradale segnalata;Una carreggiata a doppio senso;Asciutto;Asfaltata;Verticale ed orizzontale;Sereno;Normale;Buona;Ore Diurne;1;0;0;1;;;-1;1;Autovettura privata;In marcia / fermata / arresto;Conducente;F;Illeso;0;;Utilizzato;Inesistente
1723090;12;09/05/2007 17:35;Strada Urbana;VIALE BEATA VERGINE DEL CARMELO;all'intersezione con;VIA PADRE GIOVANNI ANTONIO FILIPPINI;VIA PADRE GIOVANNI ANTONIO FILIPPINI;;;Scontro frontale/laterale DX fra veicoli in marcia;Intersezione stradale segnalata;Una carreggiata a doppio senso;Asciutto;Asfaltata;Verticale ed orizzontale;Sereno;Normale;Buona;Ore Diurne;1;0;0;1;;;-1;2;Motociclo a solo;In marcia / fermata / arresto;Conducente;M;Rimandato;0;NON DECEDUTO;Utilizzato;Inesistente
1723091;12;09/05/2007 19:05;Strada Urbana;VIA ROMOLO GIGLIOZZI;in corrispondenza;;del civico n. ;70;;Veicolo in marcia contro ostacolo fisso;Curva a visuale libera;Una carreggiata a doppio senso;Asciutto;Asfaltata;Verticale ed orizzontale;Sereno;Normale;Buona;Ore Diurne;2;0;0;1;;;-1;1;Autovettura privata;In marcia / fermata / arresto;Conducente;M;Rimandato;0;NON DECEDUTO;Utilizzato;Esploso
1723091;12;09/05/2007 19:05;Strada Urbana;VIA ROMOLO GIGLIOZZI;in corrispondenza;;del civico n. ;70;;Veicolo in marcia contro ostacolo fisso;Curva a visuale libera;Una carreggiata a doppio senso;Asciutto;Asfaltata;Verticale ed orizzontale;Sereno;Normale;Buona;Ore Diurne;2;0;0;1;;;-1;1;Autovettura privata;In marcia / fermata / arresto;Passeggero;M;Rimandato;0;NON DECEDUTO;Utilizzato;Esploso
1723091;12;09/05/2007 19:05;Strada Urbana;VIA ROMOLO GIGLIOZZI;in corrispondenza;;del civico n. ;70;;Veicolo in marcia contro ostacolo fisso;Curva a visuale libera;Una carreggiata a doppio senso;Asciutto;Asfaltata;Verticale ed orizzontale;Sereno;Normale;Buona;Ore Diurne;2;0;0;1;;;-1;2;Autovettura privata;In marcia / fermata / arresto;Conducente;M;Illeso;0;;Utilizzato;Inesistente
1723092;12;09/05/2007 22:20;Strada Urbana;VIALE DELL'UMANESIMO;da specificare;;;;altezza P.le NERVI;Scontro frontale fra veicoli in marcia;Rettilineo;Una carreggiata a doppio senso;Asciutto;Asfaltata;Orizzontale;Sereno;Normale;Buona;Sufficiente;0;0;0;4;;;-1;1;Autovettura privata;In marcia / fermata / arresto;Conducente;F;Illeso;0;;Utilizzato;Inesploso
1723092;12;09/05/2007 22:20;Strada Urbana;VIALE DELL'UMANESIMO;da specificare;;;;altezza P.le NERVI;Scontro frontale fra veicoli in marcia;Rettilineo;Una carreggiata a doppio senso;Asciutto;Asfaltata;Orizzontale;Sereno;Normale;Buona;Sufficiente;0;0;0;4;;;-1;1;Autovettura privata;In marcia / fermata / arresto;Passeggero;F;Illeso;0;;Utilizzato;Inesploso
1723092;12;09/05/2007 22:20;Strada Urbana;VIALE DELL'UMANESIMO;da specificare;;;;altezza P.le NERVI;Scontro frontale fra veicoli in marcia;Rettilineo;Una carreggiata a doppio senso;Asciutto;Asfaltata;Orizzontale;Sereno;Normale;Buona;Sufficiente;0;0;0;4;;;-1;2;Autovettura privata;In marcia / fermata / arresto;Conducente;M;Illeso;0;;Utilizzato;Inesploso
1723092;12;09/05/2007 22:20;Strada Urbana;VIALE DELL'UMANESIMO;da specificare;;;;altezza P.le NERVI;Scontro frontale fra veicoli in marcia;Rettilineo;Una carreggiata a doppio senso;Asciutto;Asfaltata;Orizzontale;Sereno;Normale;Buona;Sufficiente;0;0;0;4;;;-1;2;Autovettura privata;In marcia / fermata / arresto;Passeggero;M;Illeso;0;;Utilizzato;Inesploso
1723093;12;10/05/2007 09:25;Strada Urbana;VIA CRISTOFORO COLOMBO;da specificare;;;;prossimità VIA PONTINA;Tamponamento;Curva senza visuale libera;Più di due carreggiate;Asciutto;Asfaltata;Verticale ed orizzontale;Sereno;Intenso;Buona;Ore Diurne;1;0;0;2;;;-1;1;Autovettura privata;In marcia / fermata / arresto;Conducente;F;Rimandato;0;NON DECEDUTO;Utilizzato;Inesistente
1723093;12;10/05/2007 09:25;Strada Urbana;VIA CRISTOFORO COLOMBO;da specificare;;;;prossimità VIA PONTINA;Tamponamento;Curva senza visuale libera;Più di due carreggiate;Asciutto;Asfaltata;Verticale ed orizzontale;Sereno;Intenso;Buona;Ore Diurne;1;0;0;2;;;-1;2;Autovettura privata;In marcia / fermata / arresto;Conducente;F;Illeso;0;;Utilizzato;Inesistente
1723093;12;10/05/2007 09:25;Strada Urbana;VIA CRISTOFORO COLOMBO;da specificare;;;;prossimità VIA PONTINA;Tamponamento;Curva senza visuale libera;Più di due carreggiate;Asciutto;Asfaltata;Verticale ed orizzontale;Sereno;Intenso;Buona;Ore Diurne;1;0;0;2;;;-1;2;Autovettura privata;In marcia / fermata / arresto;Passeggero;F;Illeso;0;;Utilizzato;Inesistente
1723094;12;10/05/2007 12:45;Strada Urbana;VIALE EGEO;all'intersezione semaforizzata con;VIA MONTE DEL FINOCCHIO;VIA MONTE DEL FINOCCHIO;;;Scontro frontale/laterale DX fra veicoli in marcia;Intersezione semaforizzata;Una carreggiata a doppio senso;Asciutto;Asfaltata;Verticale ed orizzontale;Sereno;Normale;Buona;Ore Diurne;0;0;0;2;;;-1;1;Autovettura privata;In marcia / fermata / arresto;Conducente;M;Illeso;0;;Utilizzato;Inesploso
1723094;12;10/05/2007 12:45;Strada Urbana;VIALE EGEO;all'intersezione semaforizzata con;VIA MONTE DEL FINOCCHIO;VIA MONTE DEL FINOCCHIO;;;Scontro frontale/laterale DX fra veicoli in marcia;Intersezione semaforizzata;Una carreggiata a doppio senso;Asciutto;Asfaltata;Verticale ed orizzontale;Sereno;Normale;Buona;Ore Diurne;0;0;0;2;;;-1;2;Motociclo a solo;In marcia / fermata / arresto;Conducente;M;Illeso;0;;Utilizzato;Inesistente
1723095;12;10/05/2007 14:30;Strada Urbana;VIA CRISTOFORO COLOMBO;all'intersezione con;VIA DI DECIMA;VIA DI DECIMA;;;Scontro laterale fra veicoli in marcia;Rotatoria;Una carreggiata a senso unico di marcia;Asciutto;Asfaltata;Verticale ed orizzontale;Sereno;Normale;Buona;Ore Diurne;0;0;0;2;;;-1;1;Autocarro superiore 35 q.;In marcia / fermata / arresto;Conducente;M;Illeso;0;;Utilizzato;Inesistente
1723095;12;10/05/2007 14:30;Strada Urbana;VIA CRISTOFORO COLOMBO;all'intersezione con;VIA DI DECIMA;VIA DI DECIMA;;;Scontro laterale fra veicoli in marcia;Rotatoria;Una carreggiata a senso unico di marcia;Asciutto;Asfaltata;Verticale ed orizzontale;Sereno;Normale;Buona;Ore Diurne;0;0;0;2;;;-1;2;Autovettura privata;In marcia / fermata / arresto;Conducente;M;Illeso;0;;Utilizzato;Inesistente
1723096;12;10/05/2007 17:15;Strada Urbana;VIA FERMO OGNIBENE;in prossimità;;del civico n. ;23;;Scontro frontale/laterale DX fra veicoli in marcia;Rettilineo;Una carreggiata a doppio senso;Asciutto;Asfaltata;Verticale ed orizzontale;Sereno;Scarso;Buona;Ore Diurne;1;0;0;1;;;-1;1;Autovettura privata;In marcia / fermata / arresto;Conducente;M;Illeso;0;;Utilizzato;Inesistente
1723096;12;10/05/2007 17:15;Strada Urbana;VIA FERMO OGNIBENE;in prossimità;;del civico n. ;23;;Scontro frontale/laterale DX fra veicoli in marcia;Rettilineo;Una carreggiata a doppio senso;Asciutto;Asfaltata;Verticale ed orizzontale;Sereno;Scarso;Buona;Ore Diurne;1;0;0;1;;;-1;2;Motociclo a solo;In marcia / fermata / arresto;Conducente;M;Rimandato;0;NON DECEDUTO;Utilizzato;Inesistente
1723097;12;10/05/2007 21:00;Provinciale;VIA LAURENTINA;in corrispondenza;;della chilometrica ;17,2;;Scontro frontale/laterale DX fra veicoli in marcia;Curva a visuale libera;Una carreggiata a doppio senso;Asciutto;Asfaltata;Verticale ed orizzontale;Sereno;Normale;Sufficiente;Inesistente;2;1;1;1;;;-1;1;Autovettura privata;In marcia / fermata / arresto;Conducente;M;Rimandato;0;NON DECEDUTO;Utilizzato;Inesistente
1723097;12;10/05/2007 21:00;Provinciale;VIA LAURENTINA;in corrispondenza;;della chilometrica ;17,2;;Scontro frontale/laterale DX fra veicoli in marcia;Curva a visuale libera;Una carreggiata a doppio senso;Asciutto;Asfaltata;Verticale ed orizzontale;Sereno;Normale;Sufficiente;Inesistente;2;1;1;1;;;-1;2;Autovettura privata;In marcia / fermata / arresto;Conducente;M;Ricoverato;0;NON DECEDUTO;Utilizzato;Inesistente
1723097;12;10/05/2007 21:00;Provinciale;VIA LAURENTINA;in corrispondenza;;della chilometrica ;17,2;;Scontro frontale/laterale DX fra veicoli in marcia;Curva a visuale libera;Una carreggiata a doppio senso;Asciutto;Asfaltata;Verticale ed orizzontale;Sereno;Normale;Sufficiente;Inesistente;2;1;1;1;;;-1;2;Autovettura privata;In marcia / fermata / arresto;Passeggero;M;Deceduto durante prime cure;-1;;Non accertato;Inesistente
1723097;12;10/05/2007 21:00;Provinciale;VIA LAURENTINA;in corrispondenza;;della chilometrica ;17,2;;Scontro frontale/laterale DX fra veicoli in marcia;Curva a visuale libera;Una carreggiata a doppio senso;Asciutto;Asfaltata;Verticale ed orizzontale;Sereno;Normale;Sufficiente;Inesistente;2;1;1;1;;;-1;2;Autovettura privata;In marcia / fermata / arresto;Passeggero;M;Prognosi riservata;0;NON DECEDUTO;Non accertato;Inesistente
1723097;12;10/05/2007 21:00;Provinciale;VIA LAURENTINA;in corrispondenza;;della chilometrica ;17,2;;Scontro frontale/laterale DX fra veicoli in marcia;Curva a visuale libera;Una carreggiata a doppio senso;Asciutto;Asfaltata;Verticale ed orizzontale;Sereno;Normale;Sufficiente;Inesistente;2;1;1;1;;;-1;3;Autobus di linea;In marcia / fermata / arresto;Conducente;M;Illeso;0;;Utilizzato;Inesistente
1723099;13;10/05/2007 09:50;Strada Urbana;VIA DEL FOSSO DI DRAGONCELLO;all'intersezione con;VIA DI MACCHIA PALOCCO;VIA DI MACCHIA PALOCCO;;;Scontro frontale/laterale SX fra veicoli in marcia;Incrocio;Una carreggiata a doppio senso;Asciutto;Asfaltata;Verticale ed orizzontale;Sereno;Normale;Buona;Ore Diurne;1;0;0;1;;;-1;1;Autovettura privata;In marcia / fermata / arresto;Conducente;M;Rimandato;0;NON DECEDUTO;Non accertato;Inesploso
1723099;13;10/05/2007 09:50;Strada Urbana;VIA DEL FOSSO DI DRAGONCELLO;all'intersezione con;VIA DI MACCHIA PALOCCO;VIA DI MACCHIA PALOCCO;;;Scontro frontale/laterale SX fra veicoli in marcia;Incrocio;Una carreggiata a doppio senso;Asciutto;Asfaltata;Verticale ed orizzontale;Sereno;Normale;Buona;Ore Diurne;1;0;0;1;;;-1;2;Autocarro inferiore 35 q.;In marcia / fermata / arresto;Conducente;M;Illeso;0;;Non accertato;Inesistente
1723100;13;10/05/2007 15:30;Strada Urbana;VIA LUIGI PERNIER;all'intersezione con;VIA DEL FOSSO DI DRAGONCELLO;VIA DEL FOSSO DI DRAGONCELLO;;;Scontro frontale fra veicoli in marcia;Incrocio;Una carreggiata a doppio senso;Asciutto;Asfaltata;Verticale ed orizzontale;Sereno;Normale;Buona;Ore Diurne;0;0;0;2;;;-1;1;Autovettura privata;In marcia / fermata / arresto;Conducente;M;Illeso;0;;Non accertato;Inesistente
1723100;13;10/05/2007 15:30;Strada Urbana;VIA LUIGI PERNIER;all'intersezione con;VIA DEL FOSSO DI DRAGONCELLO;VIA DEL FOSSO DI DRAGONCELLO;;;Scontro frontale fra veicoli in marcia;Incrocio;Una carreggiata a doppio senso;Asciutto;Asfaltata;Verticale ed orizzontale;Sereno;Normale;Buona;Ore Diurne;0;0;0;2;;;-1;2;Autovettura privata;In marcia / fermata / arresto;Conducente;M;Illeso;0;;Non accertato;Inesistente
1723102;13;10/05/2007 17:50;Strada Urbana;VIA CAPO DELL'ARGENTIERA;in prossimità;;del civico n. ;46;;Investimento di pedone;Rettilineo;Una carreggiata a doppio senso;Asciutto;Asfaltata;Assente;Sereno;Normale;Buona;Ore Diurne;1;0;0;1;;;-1;;;;Pedone;M;Rimandato;0;NON DECEDUTO;;
1723102;13;10/05/2007 17:50;Strada Urbana;VIA CAPO DELL'ARGENTIERA;in prossimità;;del civico n. ;46;;Investimento di pedone;Rettilineo;Una carreggiata a doppio senso;Asciutto;Asfaltata;Assente;Sereno;Normale;Buona;Ore Diurne;1;0;0;1;;;-1;1;Autovettura privata;In marcia / fermata / arresto;Conducente;M;Illeso;0;;Non accertato;Inesploso
1723103;15;10/05/2007 09:35;Strada Urbana;VIA ODERISI DA GUBBIO;in prossimità;;del civico n. ;170;;Scontro frontale/laterale SX fra veicoli in marcia;Rettilineo;Una carreggiata a doppio senso;Asciutto;Asfaltata;Verticale ed orizzontale;Sereno;Normale;Buona;Ore Diurne;0;0;0;2;;;-1;1;Motociclo con passeggero;In marcia / fermata / arresto;Conducente;M;Illeso;0;;Utilizzato;Inesistente