Protocollo;Gruppo;DataOraIncidente;Localizzazione1;STRADA1;Localizzazione2;STRADA2;Strada02;Chilometrica;DaSpecificare;NaturaIncidente;particolaritastrade;TipoStrada;FondoStradale;Pavimentazione;Segnaletica;CondizioneAtmosferica;Traffico;Visibilita;Illuminazione;NUM_FERITI;NUM_RISERVATA;NUM_MORTI;NUM_ILLESI;Longitudine;Latitudine;Confermato;Progressivo;TipoVeicolo;StatoVeicolo;TipoPersona;Sesso;Tipolesione;Deceduto;DecedutoDopo;CinturaCascoUtilizzato;Airbag
1725111;8;27/05/2007 02:00;Strada Urbana;VIALE OXFORD;in corrispondenza;;del palo luce n. ;20;;Veicolo in marcia contro ostacolo fisso;Rettilineo;Due carreggiate;Asciutto;Asfaltata;Verticale ed orizzontale;Sereno;Scarso;Sufficiente;Sufficiente;1;0;0;0;;;-1;1;Autovettura privata;In marcia / fermata / arresto;Conducente;M;Rimandato;0;NON DECEDUTO;Non accertato;Inesistente
1725112;8;27/05/2007 06:45;Strada Urbana;VIA DI TOR BELLA MONACA;da specificare;;;;DIREZIONE GRA;Veicolo in marcia contro ostacolo fisso;Curva a visuale libera;Due carreggiate;Asciutto;Asfaltata;Verticale ed orizzontale;Nuvoloso;Scarso;Buona;Ore Diurne;1;0;0;0;;;-1;1;Autovettura privata;In marcia / fermata / arresto;Conducente;M;Rimandato;0;NON DECEDUTO;Non accertato;Esploso
1725113;8;27/05/2007 10:50;Strada Urbana;VIA DEL TORRACCIO;in corrispondenza;;del civico n. ;51;;Tamponamento;Rettilineo;Una carreggiata a doppio senso;Asciutto;Asfaltata;Assente;Sereno;Scarso;Buona;Ore Diurne;2;0;0;4;;;-1;1;Autovettura privata;In marcia / fermata / arresto;Conducente;M;Illeso;0;;Utilizzato;Inesistente
1725113;8;27/05/2007 10:50;Strada Urbana;VIA DEL TORRACCIO;in corrispondenza;;del civico n. ;51;;Tamponamento;Rettilineo;Una carreggiata a doppio senso;Asciutto;Asfaltata;Assente;Sereno;Scarso;Buona;Ore Diurne;2;0;0;4;;;-1;1;Autovettura privata;In marcia / fermata / arresto;Passeggero;F;Illeso;0;;Non accertato;Inesistente
1725113;8;27/05/2007 10:50;Strada Urbana;VIA DEL TORRACCIO;in corrispondenza;;del civico n. ;51;;Tamponamento;Rettilineo;Una carreggiata a doppio senso;Asciutto;Asfaltata;Assente;Sereno;Scarso;Buona;Ore Diurne;2;0;0;4;;;-1;1;Autovettura privata;In marcia / fermata / arresto;Passeggero;M;Illeso;0;;Non accertato;Inesistente
1725113;8;27/05/2007 10:50;Strada Urbana;VIA DEL TORRACCIO;in corrispondenza;;del civico n. ;51;;Tamponamento;Rettilineo;Una carreggiata a doppio senso;Asciutto;Asfaltata;Assente;Sereno;Scarso;Buona;Ore Diurne;2;0;0;4;;;-1;1;Autovettura privata;In marcia / fermata / arresto;Passeggero;F;Illeso;0;;Non accertato;Inesistente
1725113;8;27/05/2007 10:50;Strada Urbana;VIA DEL TORRACCIO;in corrispondenza;;del civico n. ;51;;Tamponamento;Rettilineo;Una carreggiata a doppio senso;Asciutto;Asfaltata;Assente;Sereno;Scarso;Buona;Ore Diurne;2;0;0;4;;;-1;2;Autovettura privata;In marcia / fermata / arresto;Conducente;M;Rifiuta cure immediate;0;NON DECEDUTO;Utilizzato;Inesistente
1725113;8;27/05/2007 10:50;Strada Urbana;VIA DEL TORRACCIO;in corrispondenza;;del civico n. ;51;;Tamponamento;Rettilineo;Una carreggiata a doppio senso;Asciutto;Asfaltata;Assente;Sereno;Scarso;Buona;Ore Diurne;2;0;0;4;;;-1;2;Autovettura privata;In marcia / fermata / arresto;Passeggero;F;Rimandato;0;NON DECEDUTO;Non utilizzato;Inesploso
1725114;8;27/05/2007 11:20;Provinciale entro l'abitato;VIA PRENESTINA;all'intersezione semaforizzata con;VIA DI TORRENOVA;VIA DI TORRENOVA;;;Tamponamento;Intersezione semaforizzata;Una carreggiata a doppio senso;Asciutto;Asfaltata;Verticale ed orizzontale;Sereno;Normale;Buona;Ore Diurne;0;0;0;3;;;-1;1;Autovettura privata;In marcia / fermata / arresto;Conducente;M;Illeso;0;;Non accertato;Inesistente
1725114;8;27/05/2007 11:20;Provinciale entro l'abitato;VIA PRENESTINA;all'intersezione semaforizzata con;VIA DI TORRENOVA;VIA DI TORRENOVA;;;Tamponamento;Intersezione semaforizzata;Una carreggiata a doppio senso;Asciutto;Asfaltata;Verticale ed orizzontale;Sereno;Normale;Buona;Ore Diurne;0;0;0;3;;;-1;1;Autovettura privata;In marcia / fermata / arresto;Passeggero;F;Illeso;0;;Non accertato;Inesistente
1725114;8;27/05/2007 11:20;Provinciale entro l'abitato;VIA PRENESTINA;all'intersezione semaforizzata con;VIA DI TORRENOVA;VIA DI TORRENOVA;;;Tamponamento;Intersezione semaforizzata;Una carreggiata a doppio senso;Asciutto;Asfaltata;Verticale ed orizzontale;Sereno;Normale;Buona;Ore Diurne;0;0;0;3;;;-1;2;Autovettura privata;In marcia / fermata / arresto;Conducente;M;Illeso;0;;Non accertato;Inesploso
1725115;8;27/05/2007 11:20;Strada Urbana;VIA ACQUARONI;da specificare;;;;in prossimita di via P.F.QUAGLIA;Scontro laterale fra veicoli in marcia;Rettilineo;Una carreggiata a doppio senso;Asciutto;Asfaltata;Verticale ed orizzontale;Nuvoloso;Normale;Buona;Ore Diurne;0;0;0;2;;;-1;1;Macchina operatrice;In marcia / fermata / arresto;Conducente;M;Illeso;0;;Non accertato;Inesistente
1725115;8;27/05/2007 11:20;Strada Urbana;VIA ACQUARONI;da specificare;;;;in prossimita di via P.F.QUAGLIA;Scontro laterale fra veicoli in marcia;Rettilineo;Una carreggiata a doppio senso;Asciutto;Asfaltata;Verticale ed orizzontale;Nuvoloso;Normale;Buona;Ore Diurne;0;0;0;2;;;-1;2;Autovettura privata;In marcia / fermata / arresto;Conducente;F;Illeso;0;;Non utilizzato;Inesploso
1725116;8;27/05/2007 14:50;Strada Urbana;VIA DI FONTANA CANDIDA;all'intersezione con;VIA VENETICO;VIA VENETICO;;;Scontro frontale fra veicoli in marcia;Incrocio;Una carreggiata a doppio senso;Asciutto;Asfaltata;Verticale ed orizzontale;Sereno;Normale;Buona;Ore Diurne;2;0;0;1;;;-1;1;Autovettura privata;In marcia / fermata / arresto;Conducente;M;Illeso;0;;Non accertato;Inesploso
1725116;8;27/05/2007 14:50;Strada Urbana;VIA DI FONTANA CANDIDA;all'intersezione con;VIA VENETICO;VIA VENETICO;;;Scontro frontale fra veicoli in marcia;Incrocio;Una carreggiata a doppio senso;Asciutto;Asfaltata;Verticale ed orizzontale;Sereno;Normale;Buona;Ore Diurne;2;0;0;1;;;-1;1;Autovettura privata;In marcia / fermata / arresto;Passeggero;F;Rifiuta cure immediate;0;NON DECEDUTO;Non accertato;Inesploso
1725116;8;27/05/2007 14:50;Strada Urbana;VIA DI FONTANA CANDIDA;all'intersezione con;VIA VENETICO;VIA VENETICO;;;Scontro frontale fra veicoli in marcia;Incrocio;Una carreggiata a doppio senso;Asciutto;Asfaltata;Verticale ed orizzontale;Sereno;Normale;Buona;Ore Diurne;2;0;0;1;;;-1;2;Autovettura privata;In marcia / fermata / arresto;Conducente;M;Rifiuta cure immediate;0;NON DECEDUTO;Non accertato;Esploso
1725117;8;27/05/2007 17:00;Strada Urbana;VIALE DELLA SORBONA;in prossimità;;del palo luce n. ;20;;Veicolo in marcia contro ostacolo fisso;Curva a visuale libera;Due carreggiate;Asciutto;Asfaltata;Verticale ed orizzontale;Sereno;Normale;Buona;Ore Diurne;0;0;0;1;;;-1;1;Autovettura privata;In marcia / fermata / arresto;Conducente;M;Illeso;0;;Non accertato;Inesistente
1725118;8;27/05/2007 19:10;Strada Urbana;VIA COLLATINA;in prossimità;;del civico n. ;661;;Tamponamento;Curva a visuale libera;Una carreggiata a doppio senso;Asciutto;Asfaltata;Orizzontale;Sereno;Normale;Buona;Ore Diurne;6;0;0;1;;;-1;1;Autovettura privata;In marcia / fermata / arresto;Conducente;F;Rimandato;0;NON DECEDUTO;Utilizzato;Inesistente
1725118;8;27/05/2007 19:10;Strada Urbana;VIA COLLATINA;in prossimità;;del civico n. ;661;;Tamponamento;Curva a visuale libera;Una carreggiata a doppio senso;Asciutto;Asfaltata;Orizzontale;Sereno;Normale;Buona;Ore Diurne;6;0;0;1;;;-1;1;Autovettura privata;In marcia / fermata / arresto;Passeggero;F;Rimandato;0;NON DECEDUTO;Non accertato;Inesistente
1725118;8;27/05/2007 19:10;Strada Urbana;VIA COLLATINA;in prossimità;;del civico n. ;661;;Tamponamento;Curva a visuale libera;Una carreggiata a doppio senso;Asciutto;Asfaltata;Orizzontale;Sereno;Normale;Buona;Ore Diurne;6;0;0;1;;;-1;1;Autovettura privata;In marcia / fermata / arresto;Passeggero;F;Rimandato;0;NON DECEDUTO;Non accertato;Inesistente
1725118;8;27/05/2007 19:10;Strada Urbana;VIA COLLATINA;in prossimità;;del civico n. ;661;;Tamponamento;Curva a visuale libera;Una carreggiata a doppio senso;Asciutto;Asfaltata;Orizzontale;Sereno;Normale;Buona;Ore Diurne;6;0;0;1;;;-1;1;Autovettura privata;In marcia / fermata / arresto;Passeggero;F;Rimandato;0;NON DECEDUTO;Non accertato;Inesistente
1725118;8;27/05/2007 19:10;Strada Urbana;VIA COLLATINA;in prossimità;;del civico n. ;661;;Tamponamento;Curva a visuale libera;Una carreggiata a doppio senso;Asciutto;Asfaltata;Orizzontale;Sereno;Normale;Buona;Ore Diurne;6;0;0;1;;;-1;2;Autovettura privata;In marcia / fermata / arresto;Conducente;M;Illeso;0;;Utilizzato;Inesploso
1725118;8;27/05/2007 19:10;Strada Urbana;VIA COLLATINA;in prossimità;;del civico n. ;661;;Tamponamento;Curva a visuale libera;Una carreggiata a doppio senso;Asciutto;Asfaltata;Orizzontale;Sereno;Normale;Buona;Ore Diurne;6;0;0;1;;;-1;2;Autovettura privata;In marcia / fermata / arresto;Passeggero;F;Rimandato;0;NON DECEDUTO;Non accertato;Inesistente
1725118;8;27/05/2007 19:10;Strada Urbana;VIA COLLATINA;in prossimità;;del civico n. ;661;;Tamponamento;Curva a visuale libera;Una carreggiata a doppio senso;Asciutto;Asfaltata;Orizzontale;Sereno;Normale;Buona;Ore Diurne;6;0;0;1;;;-1;2;Autovettura privata;In marcia / fermata / arresto;Passeggero;F;Rimandato;0;NON DECEDUTO;Non accertato;Inesistente
1725119;8;27/05/2007 20:00;Strada Urbana;VIA GIOVANNI DUPRE';in prossimità;;del civico n. ;3;;Tamponamento;Rettilineo;Una carreggiata a doppio senso;Asciutto;Asfaltata;Assente;Sereno;Scarso;Sufficiente;Sufficiente;0;0;0;3;;;-1;1;Autovettura privata;In marcia / fermata / arresto;Conducente;M;Illeso;0;;Non accertato;Inesploso
1725119;8;27/05/2007 20:00;Strada Urbana;VIA GIOVANNI DUPRE';in prossimità;;del civico n. ;3;;Tamponamento;Rettilineo;Una carreggiata a doppio senso;Asciutto;Asfaltata;Assente;Sereno;Scarso;Sufficiente;Sufficiente;0;0;0;3;;;-1;1;Autovettura privata;In marcia / fermata / arresto;Passeggero;F;Illeso;0;;Non accertato;Inesploso
1725119;8;27/05/2007 20:00;Strada Urbana;VIA GIOVANNI DUPRE';in prossimità;;del civico n. ;3;;Tamponamento;Rettilineo;Una carreggiata a doppio senso;Asciutto;Asfaltata;Assente;Sereno;Scarso;Sufficiente;Sufficiente;0;0;0;3;;;-1;2;Autovettura privata;In marcia / fermata / arresto;Conducente;M;Illeso;0;;Non accertato;Inesploso
1725120;8;28/05/2007 05:22;Provinciale entro l'abitato;VIA PRENESTINA;all'intersezione con;VIA DI PRATOLUNGO CASILINO;VIA DI PRATOLUNGO CASILINO;;;Scontro frontale/laterale DX fra veicoli in marcia;Incrocio;Una carreggiata a doppio senso;Asciutto;Asfaltata;Verticale ed orizzontale;Sereno;Normale;Buona;Ore Diurne;0;0;0;3;;;-1;1;Autovettura privata;In marcia / fermata / arresto;Conducente;M;Illeso;0;;Non accertato;Inesploso
1725120;8;28/05/2007 05:22;Provinciale entro l'abitato;VIA PRENESTINA;all'intersezione con;VIA DI PRATOLUNGO CASILINO;VIA DI PRATOLUNGO CASILINO;;;Scontro frontale/laterale DX fra veicoli in marcia;Incrocio;Una carreggiata a doppio senso;Asciutto;Asfaltata;Verticale ed orizzontale;Sereno;Normale;Buona;Ore Diurne;0;0;0;3;;;-1;2;Autovettura privata;In marcia / fermata / arresto;Conducente;M;Illeso;0;;Non accertato;Esploso
1725120;8;28/05/2007 05:22;Provinciale entro l'abitato;VIA PRENESTINA;all'intersezione con;VIA DI PRATOLUNGO CASILINO;VIA DI PRATOLUNGO CASILINO;;;Scontro frontale/laterale DX fra veicoli in marcia;Incrocio;Una carreggiata a doppio senso;Asciutto;Asfaltata;Verticale ed orizzontale;Sereno;Normale;Buona;Ore Diurne;0;0;0;3;;;-1;2;Autovettura privata;In marcia / fermata / arresto;Passeggero;F;Illeso;0;;Non accertato;Inesploso
1725121;9;27/05/2007 06:30;Strada Urbana;VIA FRANCO BARTOLONI;da specificare;;;;PROSSIMITA' VIA LATINA;Infortunio per caduta del veicolo;Curva senza visuale libera;Una carreggiata a senso unico di marcia;Asciutto;Asfaltata;Verticale ed orizzontale;Sereno;Scarso;Sufficiente;Ore Diurne;1;0;0;0;;;-1;1;Motociclo a solo;In marcia / fermata / arresto;Conducente;M;Rimandato;0;NON DECEDUTO;Non accertato;Inesistente
1725122;1;15/05/2007 12:45;Strada Urbana;VIA DELLA GRECA;da specificare;;;;ARA MASSIMA DI ERCOLE;Scontro laterale fra veicoli in marcia;Rettilineo;Una carreggiata a doppio senso;Asciutto;Asfaltata;Orizzontale;Sereno;Normale;Sufficiente;Ore Diurne;0;0;0;1;;;-1;1;Autovettura privata;In marcia / fermata / arresto;Conducente;M;Illeso;0;;Utilizzato;Inesploso
1725123;1;15/05/2007 14:20;Strada Urbana;VIALE DI TRASTEVERE;all'intersezione semaforizzata con;VIA EMILIO MOROSINI;VIA EMILIO MOROSINI;;;Tamponamento;Intersezione semaforizzata;Più di due carreggiate;Asciutto;Asfaltata;Verticale ed orizzontale;Sereno;Normale;Buona;Ore Diurne;2;0;0;1;;;-1;1;Motociclo a solo;In marcia / fermata / arresto;Conducente;F;Rimandato;0;NON DECEDUTO;Non accertato;Inesistente
1725123;1;15/05/2007 14:20;Strada Urbana;VIALE DI TRASTEVERE;all'intersezione semaforizzata con;VIA EMILIO MOROSINI;VIA EMILIO MOROSINI;;;Tamponamento;Intersezione semaforizzata;Più di due carreggiate;Asciutto;Asfaltata;Verticale ed orizzontale;Sereno;Normale;Buona;Ore Diurne;2;0;0;1;;;-1;2;Motociclo con passeggero;In marcia / fermata / arresto;Conducente;M;Illeso;0;;Non accertato;Inesistente
1725123;1;15/05/2007 14:20;Strada Urbana;VIALE DI TRASTEVERE;all'intersezione semaforizzata con;VIA EMILIO MOROSINI;VIA EMILIO MOROSINI;;;Tamponamento;Intersezione semaforizzata;Più di due carreggiate;Asciutto;Asfaltata;Verticale ed orizzontale;Sereno;Normale;Buona;Ore Diurne;2;0;0;1;;;-1;2;Motociclo con passeggero;In marcia / fermata / arresto;Passeggero;F;Rifiuta cure immediate;0;NON DECEDUTO;Non accertato;Inesistente
1725125;1;20/05/2007 17:45;Strada Urbana;PIAZZA VENEZIA;all'intersezione con;VIA CESARE BATTISTI;VIA CESARE BATTISTI;;;Scontro laterale fra veicoli in marcia;Intersezione stradale segnalata;Una carreggiata a doppio senso;Asciutto;Acciotolata;Verticale ed orizzontale;Sereno;Normale;Buona;Ore Diurne;0;0;0;3;;;-1;1;Autovettura privata;In marcia / fermata / arresto;Conducente;F;Illeso;0;;Utilizzato;Inesploso
1725125;1;20/05/2007 17:45;Strada Urbana;PIAZZA VENEZIA;all'intersezione con;VIA CESARE BATTISTI;VIA CESARE BATTISTI;;;Scontro laterale fra veicoli in marcia;Intersezione stradale segnalata;Una carreggiata a doppio senso;Asciutto;Acciotolata;Verticale ed orizzontale;Sereno;Normale;Buona;Ore Diurne;0;0;0;3;;;-1;1;Autovettura privata;In marcia / fermata / arresto;Passeggero;M;Illeso;0;;Utilizzato;Inesploso
1725125;1;20/05/2007 17:45;Strada Urbana;PIAZZA VENEZIA;all'intersezione con;VIA CESARE BATTISTI;VIA CESARE BATTISTI;;;Scontro laterale fra veicoli in marcia;Intersezione stradale segnalata;Una carreggiata a doppio senso;Asciutto;Acciotolata;Verticale ed orizzontale;Sereno;Normale;Buona;Ore Diurne;0;0;0;3;;;-1;2;Autobus urbano;In marcia / fermata / arresto;Conducente;M;Illeso;0;;Esente;Inesistente
1725127;1;22/05/2007 23:05;Strada Urbana;PIAZZA DI PORTA S. GIOVANNI;da specificare;;;;ALTEZZA STAZIONE TAXI;Scontro frontale/laterale DX fra veicoli in marcia;Rettilineo;Una carreggiata a doppio senso;Asciutto;Asfaltata;Verticale ed orizzontale;Sereno;Scarso;Sufficiente;Sufficiente;1;0;0;3;;;-1;1;Autovettura privata;In marcia / fermata / arresto;Conducente;M;Illeso;0;;Non accertato;Inesistente
1725127;1;22/05/2007 23:05;Strada Urbana;PIAZZA DI PORTA S. GIOVANNI;da specificare;;;;ALTEZZA STAZIONE TAXI;Scontro frontale/laterale DX fra veicoli in marcia;Rettilineo;Una carreggiata a doppio senso;Asciutto;Asfaltata;Verticale ed orizzontale;Sereno;Scarso;Sufficiente;Sufficiente;1;0;0;3;;;-1;1;Autovettura privata;In marcia / fermata / arresto;Passeggero;F;Illeso;0;;Non accertato;Inesistente
1725127;1;22/05/2007 23:05;Strada Urbana;PIAZZA DI PORTA S. GIOVANNI;da specificare;;;;ALTEZZA STAZIONE TAXI;Scontro frontale/laterale DX fra veicoli in marcia;Rettilineo;Una carreggiata a doppio senso;Asciutto;Asfaltata;Verticale ed orizzontale;Sereno;Scarso;Sufficiente;Sufficiente;1;0;0;3;;;-1;2;Autovettura privata;In marcia / fermata / arresto;Conducente;M;Rifiuta cure immediate;0;NON DECEDUTO;Non accertato;Inesploso
1725127;1;22/05/2007 23:05;Strada Urbana;PIAZZA DI PORTA S. GIOVANNI;da specificare;;;;ALTEZZA STAZIONE TAXI;Scontro frontale/laterale DX fra veicoli in marcia;Rettilineo;Una carreggiata a doppio senso;Asciutto;Asfaltata;Verticale ed orizzontale;Sereno;Scarso;Sufficiente;Sufficiente;1;0;0;3;;;-1;2;Autovettura privata;In marcia / fermata / arresto;Passeggero;M;Illeso;0;;Utilizzato;Inesploso
1725128;1;23/05/2007 08:25;Strada Urbana;PIAZZA VITTORIO EMANUELE II;all'intersezione con;VIA CONTE VERDE;VIA CONTE VERDE;;;Scontro frontale/laterale DX fra veicoli in marcia;Incrocio;Una carreggiata a doppio senso;Asciutto;In cubetti di porfido;Verticale ed orizzontale;Sereno;Normale;Buona;Ore Diurne;1;0;0;1;;;-1;1;Autovettura privata;In marcia / fermata / arresto;Conducente;M;Illeso;0;;Non accertato;Inesistente
1725128;1;23/05/2007 08:25;Strada Urbana;PIAZZA VITTORIO EMANUELE II;all'intersezione con;VIA CONTE VERDE;VIA CONTE VERDE;;;Scontro frontale/laterale DX fra veicoli in marcia;Incrocio;Una carreggiata a doppio senso;Asciutto;In cubetti di porfido;Verticale ed orizzontale;Sereno;Normale;Buona;Ore Diurne;1;0;0;1;;;-1;2;Motociclo a solo;In marcia / fermata / arresto;Conducente;M;Rimandato;0;NON DECEDUTO;Non accertato;Inesistente
1725129;1;23/05/2007 09:50;Strada Urbana;VIA EQUIZIA;all'intersezione con;VIA GIOVANNI LANZA;VIA GIOVANNI LANZA;;;Veicolo in marcia contro veicolo fermo;Incrocio;Una carreggiata a doppio senso;Asciutto;Asfaltata;Verticale ed orizzontale;Sereno;Normale;Buona;Ore Diurne;0;0;0;2;;;-1;1;Autovettura pubblica;In marcia / fermata / arresto;Conducente;M;Illeso;0;;Utilizzato;Inesploso
1725129;1;23/05/2007 09:50;Strada Urbana;VIA EQUIZIA;all'intersezione con;VIA GIOVANNI LANZA;VIA GIOVANNI LANZA;;;Veicolo in marcia contro veicolo fermo;Incrocio;Una carreggiata a doppio senso;Asciutto;Asfaltata;Verticale ed orizzontale;Sereno;Normale;Buona;Ore Diurne;0;0;0;2;;;-1;2;Autocarro inferiore 35 q.;In marcia / fermata / arresto;Conducente;M;Illeso;0;;Non accertato;Inesploso
1725130;1;23/05/2007 22:15;Strada Urbana;VIALE DELLE TERME DI CARACALLA;all'intersezione con;VIA ANTONINA;VIA ANTONINA;;;Scontro frontale fra veicoli in marcia;Incrocio;Una carreggiata a senso unico di marcia;Asciutto;Asfaltata;Verticale ed orizzontale;Sereno;Scarso;Buona;Sufficiente;1;0;0;1;;;-1;1;Autovettura privata;In marcia / fermata / arresto;Conducente;M;Rifiuta cure immediate;0;NON DECEDUTO;Utilizzato;Inesploso
1725130;1;23/05/2007 22:15;Strada Urbana;VIALE DELLE TERME DI CARACALLA;all'intersezione con;VIA ANTONINA;VIA ANTONINA;;;Scontro frontale fra veicoli in marcia;Incrocio;Una carreggiata a senso unico di marcia;Asciutto;Asfaltata;Verticale ed orizzontale;Sereno;Scarso;Buona;Sufficiente;1;0;0;1;;;-1;2;Autobus in extraurbana;In marcia / fermata / arresto;Conducente;M;Illeso;0;;Non accertato;Inesistente
1725133;2;25/05/2007 17:30;Strada Urbana;PIAZZALE BRASILE;in prossimità;;del civico n. ;1;;Scontro frontale fra veicoli in marcia;Rettilineo;Una carreggiata a senso unico di marcia;Asciutto;Asfaltata;Verticale;Sereno;Normale;Buona;Ore Diurne;0;0;0;2;;;-1;1;Autovettura privata;In marcia / fermata / arresto;Conducente;F;Illeso;0;;Non accertato;Inesistente
1725133;2;25/05/2007 17:30;Strada Urbana;PIAZZALE BRASILE;in prossimità;;del civico n. ;1;;Scontro frontale fra veicoli in marcia;Rettilineo;Una carreggiata a senso unico di marcia;Asciutto;Asfaltata;Verticale;Sereno;Normale;Buona;Ore Diurne;0;0;0;2;;;-1;2;Ciclomotore;In marcia / fermata / arresto;Conducente;F;Illeso;0;;Non accertato;Inesistente
1725134;2;25/05/2007 20:35;Strada Urbana;CORSO TRIESTE;in prossimità;;del civico n. ;190;;Investimento di pedone;Rettilineo;Due carreggiate;Asciutto;Asfaltata;Orizzontale;Sereno;Normale;Buona;Sufficiente;1;0;1;1;;;-1;;;;Pedone;M;Deceduto durante prime cure;-1;NON DECEDUTO;;
1725134;2;25/05/2007 20:35;Strada Urbana;CORSO TRIESTE;in prossimità;;del civico n. ;190;;Investimento di pedone;Rettilineo;Due carreggiate;Asciutto;Asfaltata;Orizzontale;Sereno;Normale;Buona;Sufficiente;1;0;1;1;;;-1;;;;Pedone;F;Ricoverato;0;NON DECEDUTO;;
1725134;2;25/05/2007 20:35;Strada Urbana;CORSO TRIESTE;in prossimità;;del civico n. ;190;;Investimento di pedone;Rettilineo;Due carreggiate;Asciutto;Asfaltata;Orizzontale;Sereno;Normale;Buona;Sufficiente;1;0;1;1;;;-1;1;Motociclo a solo;In marcia / fermata / arresto;Conducente;M;Illeso;0;;Non accertato;Inesistente
1725135;2;26/05/2007 23:40;Strada Urbana;VIA LUIGI MANCINELLI;all'intersezione con;VIALE ARRIGO BOITO;VIALE ARRIGO BOITO;;;Scontro frontale/laterale DX fra veicoli in marcia;Incrocio;Una carreggiata a senso unico di marcia;Asciutto;Asfaltata;Verticale;Sereno;Scarso;Buona;Sufficiente;0;0;0;2;;;-1;1;Autovettura privata;In marcia / fermata / arresto;Conducente;F;Illeso;0;;Non accertato;Inesistente
1725135;2;26/05/2007 23:40;Strada Urbana;VIA LUIGI MANCINELLI;all'intersezione con;VIALE ARRIGO BOITO;VIALE ARRIGO BOITO;;;Scontro frontale/laterale DX fra veicoli in marcia;Incrocio;Una carreggiata a senso unico di marcia;Asciutto;Asfaltata;Verticale;Sereno;Scarso;Buona;Sufficiente;0;0;0;2;;;-1;2;Autovettura privata;In marcia / fermata / arresto;Conducente;M;Illeso;0;;Non accertato;Inesistente
1725136;2;26/05/2007 23:55;Strada Urbana;VIA TRIPOLITANIA;all'intersezione con;VIA LAGO TANA;VIA LAGO TANA;;;Scontro frontale/laterale SX fra veicoli in marcia;Incrocio;Una carreggiata a senso unico di marcia;Asciutto;Asfaltata;Verticale;Sereno;Scarso;Sufficiente;Sufficiente;0;0;0;3;;;-1;1;Autovettura privata;In marcia / fermata / arresto;Conducente;M;Illeso;0;;Non accertato;Inesistente
1725136;2;26/05/2007 23:55;Strada Urbana;VIA TRIPOLITANIA;all'intersezione con;VIA LAGO TANA;VIA LAGO TANA;;;Scontro frontale/laterale SX fra veicoli in marcia;Incrocio;Una carreggiata a senso unico di marcia;Asciutto;Asfaltata;Verticale;Sereno;Scarso;Sufficiente;Sufficiente;0;0;0;3;;;-1;2;Autovettura privata;In marcia / fermata / arresto;Conducente;M;Illeso;0;;Non accertato;Inesistente
1725136;2;26/05/2007 23:55;Strada Urbana;VIA TRIPOLITANIA;all'intersezione con;VIA LAGO TANA;VIA LAGO TANA;;;Scontro frontale/laterale SX fra veicoli in marcia;Incrocio;Una carreggiata a senso unico di marcia;Asciutto;Asfaltata;Verticale;Sereno;Scarso;Sufficiente;Sufficiente;0;0;0;3;;;-1;2;Autovettura privata;In marcia / fermata / arresto;Passeggero;M;Illeso;0;;Non accertato;Inesploso
1725137;2;27/05/2007 13:20;Strada Urbana;VIA DEI CAMPI SPORTIVI;da specificare;;;;svincolo Via del Foro Italico Dir.ne S. Giovanni;Scontro laterale fra veicoli in marcia;Rettilineo;Una carreggiata a doppio senso;Asciutto;Asfaltata;Verticale ed orizzontale;Sereno;Scarso;Buona;Ore Diurne;1;0;0;1;;;-1;1;Autovettura privata;In marcia / fermata / arresto;Conducente;F;Illeso;0;;Non accertato;Inesistente
1725137;2;27/05/2007 13:20;Strada Urbana;VIA DEI CAMPI SPORTIVI;da specificare;;;;svincolo Via del Foro Italico Dir.ne S. Giovanni;Scontro laterale fra veicoli in marcia;Rettilineo;Una carreggiata a doppio senso;Asciutto;Asfaltata;Verticale ed orizzontale;Sereno;Scarso;Buona;Ore Diurne;1;0;0;1;;;-1;2;Motociclo a solo;In marcia / fermata / arresto;Conducente;F;Rimandato;0;NON DECEDUTO;Non accertato;Inesistente
1725138;2;28/05/2007 06:45;Strada Urbana;VIA GIOVANNI ANTONELLI;in corrispondenza;;del civico n. ;47;;Scontro frontale/laterale SX fra veicoli in marcia;Rettilineo;Una carreggiata a doppio senso;Asciutto;Asfaltata;Orizzontale;Sereno;Scarso;Sufficiente;Ore Diurne;1;0;0;2;;;-1;1;Autovettura pubblica;In marcia / fermata / arresto;Conducente;M;Illeso;0;;Non accertato;Inesistente
1725138;2;28/05/2007 06:45;Strada Urbana;VIA GIOVANNI ANTONELLI;in corrispondenza;;del civico n. ;47;;Scontro frontale/laterale SX fra veicoli in marcia;Rettilineo;Una carreggiata a doppio senso;Asciutto;Asfaltata;Orizzontale;Sereno;Scarso;Sufficiente;Ore Diurne;1;0;0;2;;;-1;2;Autovettura privata;In marcia / fermata / arresto;Conducente;F;Rimandato;0;NON DECEDUTO;Non accertato;Inesistente
1725138;2;28/05/2007 06:45;Strada Urbana;VIA GIOVANNI ANTONELLI;in corrispondenza;;del civico n. ;47;;Scontro frontale/laterale SX fra veicoli in marcia;Rettilineo;Una carreggiata a doppio senso;Asciutto;Asfaltata;Orizzontale;Sereno;Scarso;Sufficiente;Ore Diurne;1;0;0;2;;;-1;4;Autovettura pubblica;In marcia / fermata / arresto;Conducente;M;Illeso;0;;Non accertato;Inesistente
1725139;2;28/05/2007 09:50;Strada Urbana;VIA SALARIA;all'intersezione semaforizzata con;VIALE SOMALIA;VIALE SOMALIA;;;Scontro frontale/laterale DX fra veicoli in marcia;Intersezione semaforizzata;Due carreggiate;Asciutto;Asfaltata;Verticale ed orizzontale;Sereno;Normale;Buona;Ore Diurne;1;0;0;1;;;-1;1;Motociclo a solo;In marcia / fermata / arresto;Conducente;M;Rimandato;0;NON DECEDUTO;Non accertato;Inesistente