Protocollo;Gruppo;DataOraIncidente;Localizzazione1;STRADA1;Localizzazione2;STRADA2;Strada02;Chilometrica;DaSpecificare;NaturaIncidente;particolaritastrade;TipoStrada;FondoStradale;Pavimentazione;Segnaletica;CondizioneAtmosferica;Traffico;Visibilita;Illuminazione;NUM_FERITI;NUM_RISERVATA;NUM_MORTI;NUM_ILLESI;Longitudine;Latitudine;Confermato;Progressivo;TipoVeicolo;StatoVeicolo;TipoPersona;Sesso;Tipolesione;Deceduto;DecedutoDopo;CinturaCascoUtilizzato;Airbag
1725223;12;25/05/2007 19:30;Strada Urbana;VIA DELLA CECCHIGNOLA;da specificare;;;;10 mt dopo via del Casal di Zola dir. via kobler;Tamponamento Multiplo;Rettilineo;Una carreggiata a doppio senso;Asciutto;Asfaltata;Verticale ed orizzontale;Sereno;Intenso;Buona;Ore Diurne;2;0;0;4;;;-1;2;Autovettura privata;In marcia / fermata / arresto;Conducente;F;Illeso;0;;Utilizzato;Inesploso
1725223;12;25/05/2007 19:30;Strada Urbana;VIA DELLA CECCHIGNOLA;da specificare;;;;10 mt dopo via del Casal di Zola dir. via kobler;Tamponamento Multiplo;Rettilineo;Una carreggiata a doppio senso;Asciutto;Asfaltata;Verticale ed orizzontale;Sereno;Intenso;Buona;Ore Diurne;2;0;0;4;;;-1;2;Autovettura privata;In marcia / fermata / arresto;Passeggero;M;Rimandato;0;NON DECEDUTO;Utilizzato;Inesistente
1725223;12;25/05/2007 19:30;Strada Urbana;VIA DELLA CECCHIGNOLA;da specificare;;;;10 mt dopo via del Casal di Zola dir. via kobler;Tamponamento Multiplo;Rettilineo;Una carreggiata a doppio senso;Asciutto;Asfaltata;Verticale ed orizzontale;Sereno;Intenso;Buona;Ore Diurne;2;0;0;4;;;-1;2;Autovettura privata;In marcia / fermata / arresto;Passeggero;M;Illeso;0;;Utilizzato;Inesistente
1725223;12;25/05/2007 19:30;Strada Urbana;VIA DELLA CECCHIGNOLA;da specificare;;;;10 mt dopo via del Casal di Zola dir. via kobler;Tamponamento Multiplo;Rettilineo;Una carreggiata a doppio senso;Asciutto;Asfaltata;Verticale ed orizzontale;Sereno;Intenso;Buona;Ore Diurne;2;0;0;4;;;-1;3;Autovettura privata;In marcia / fermata / arresto;Conducente;M;Illeso;0;;Utilizzato;Inesploso
1725223;12;25/05/2007 19:30;Strada Urbana;VIA DELLA CECCHIGNOLA;da specificare;;;;10 mt dopo via del Casal di Zola dir. via kobler;Tamponamento Multiplo;Rettilineo;Una carreggiata a doppio senso;Asciutto;Asfaltata;Verticale ed orizzontale;Sereno;Intenso;Buona;Ore Diurne;2;0;0;4;;;-1;4;Autovettura privata;In marcia / fermata / arresto;Conducente;F;Illeso;0;;Utilizzato;Esploso
1725224;12;26/05/2007 10:30;Strada Urbana;VIA GIACOMO DINA;all'intersezione con;VIA GUSTAVO D'ARPE;VIA GUSTAVO D'ARPE;;;Scontro frontale/laterale DX fra veicoli in marcia;Incrocio;Una carreggiata a doppio senso;Asciutto;Asfaltata;Verticale ed orizzontale;Sereno;Scarso;Buona;Ore Diurne;0;0;0;2;;;-1;1;Autovettura privata;In marcia / fermata / arresto;Conducente;F;Illeso;0;;Utilizzato;Inesistente
1725224;12;26/05/2007 10:30;Strada Urbana;VIA GIACOMO DINA;all'intersezione con;VIA GUSTAVO D'ARPE;VIA GUSTAVO D'ARPE;;;Scontro frontale/laterale DX fra veicoli in marcia;Incrocio;Una carreggiata a doppio senso;Asciutto;Asfaltata;Verticale ed orizzontale;Sereno;Scarso;Buona;Ore Diurne;0;0;0;2;;;-1;2;Autovettura privata;In marcia / fermata / arresto;Conducente;M;Illeso;0;;Utilizzato;Inesistente
1725225;12;26/05/2007 12:35;Strada Urbana;VIA OSLO;in corrispondenza;;del civico n. ;5;;Tamponamento;Rettilineo;Una carreggiata a senso unico di marcia;Asciutto;Asfaltata;Verticale ed orizzontale;Nuvoloso;Scarso;Buona;Ore Diurne;1;0;0;2;;;-1;1;Autovettura di polizia;In marcia / fermata / arresto;Conducente;M;Illeso;0;;Utilizzato;Inesistente
1725225;12;26/05/2007 12:35;Strada Urbana;VIA OSLO;in corrispondenza;;del civico n. ;5;;Tamponamento;Rettilineo;Una carreggiata a senso unico di marcia;Asciutto;Asfaltata;Verticale ed orizzontale;Nuvoloso;Scarso;Buona;Ore Diurne;1;0;0;2;;;-1;1;Autovettura di polizia;In marcia / fermata / arresto;Passeggero;M;Illeso;0;;Utilizzato;Inesistente
1725225;12;26/05/2007 12:35;Strada Urbana;VIA OSLO;in corrispondenza;;del civico n. ;5;;Tamponamento;Rettilineo;Una carreggiata a senso unico di marcia;Asciutto;Asfaltata;Verticale ed orizzontale;Nuvoloso;Scarso;Buona;Ore Diurne;1;0;0;2;;;-1;2;Motociclo a solo;In marcia / fermata / arresto;Conducente;M;Rimandato;0;NON DECEDUTO;Utilizzato;Inesistente
1725226;12;26/05/2007 14:40;Strada Urbana;VIALE DELL'UMANESIMO;all'intersezione con;PIAZZA CARLO VITA FINZI;PIAZZA CARLO VITA FINZI;;;Scontro frontale/laterale SX fra veicoli in marcia;Intersezione semaforizzata;Una carreggiata a doppio senso;Asciutto;Asfaltata;Verticale ed orizzontale;Nuvoloso;Scarso;Buona;Ore Diurne;1;0;0;2;;;-1;1;Autovettura privata;In marcia / fermata / arresto;Conducente;M;Illeso;0;;Utilizzato;Inesploso
1725226;12;26/05/2007 14:40;Strada Urbana;VIALE DELL'UMANESIMO;all'intersezione con;PIAZZA CARLO VITA FINZI;PIAZZA CARLO VITA FINZI;;;Scontro frontale/laterale SX fra veicoli in marcia;Intersezione semaforizzata;Una carreggiata a doppio senso;Asciutto;Asfaltata;Verticale ed orizzontale;Nuvoloso;Scarso;Buona;Ore Diurne;1;0;0;2;;;-1;1;Autovettura privata;In marcia / fermata / arresto;Passeggero;F;Illeso;0;;Utilizzato;Inesploso
1725226;12;26/05/2007 14:40;Strada Urbana;VIALE DELL'UMANESIMO;all'intersezione con;PIAZZA CARLO VITA FINZI;PIAZZA CARLO VITA FINZI;;;Scontro frontale/laterale SX fra veicoli in marcia;Intersezione semaforizzata;Una carreggiata a doppio senso;Asciutto;Asfaltata;Verticale ed orizzontale;Nuvoloso;Scarso;Buona;Ore Diurne;1;0;0;2;;;-1;2;Motociclo a solo;In marcia / fermata / arresto;Conducente;M;Rimandato;0;NON DECEDUTO;Utilizzato;Inesistente
1725227;12;26/05/2007 19:30;Strada Urbana;VIALE DEI CADUTI PER LA RESISTENZA;all'intersezione con;VIA CARLO ZACCAGNINI;VIA CARLO ZACCAGNINI;;;Scontro frontale/laterale DX fra veicoli in marcia;Incrocio;Una carreggiata a senso unico di marcia;Asciutto;Asfaltata;Verticale ed orizzontale;Sereno;Normale;Buona;Ore Diurne;0;0;0;2;;;-1;1;Autovettura privata;In marcia / fermata / arresto;Conducente;M;Illeso;0;;Utilizzato;Inesistente
1725227;12;26/05/2007 19:30;Strada Urbana;VIALE DEI CADUTI PER LA RESISTENZA;all'intersezione con;VIA CARLO ZACCAGNINI;VIA CARLO ZACCAGNINI;;;Scontro frontale/laterale DX fra veicoli in marcia;Incrocio;Una carreggiata a senso unico di marcia;Asciutto;Asfaltata;Verticale ed orizzontale;Sereno;Normale;Buona;Ore Diurne;0;0;0;2;;;-1;1;Autovettura privata;In marcia / fermata / arresto;Passeggero;F;Illeso;0;;Utilizzato;Inesistente
1725228;12;27/05/2007 00:45;Strada Urbana;VIA CINA;all'intersezione con;PIAZZALE CINA;PIAZZALE CINA;;;Veicolo in marcia contro ostacolo fisso;Rotatoria;Una carreggiata a doppio senso;Asciutto;Asfaltata;Verticale ed orizzontale;Sereno;Scarso;Buona;Sufficiente;0;0;0;2;;;-1;1;Autovettura privata;In marcia / fermata / arresto;Conducente;M;Illeso;0;;Utilizzato;Esploso
1725228;12;27/05/2007 00:45;Strada Urbana;VIA CINA;all'intersezione con;PIAZZALE CINA;PIAZZALE CINA;;;Veicolo in marcia contro ostacolo fisso;Rotatoria;Una carreggiata a doppio senso;Asciutto;Asfaltata;Verticale ed orizzontale;Sereno;Scarso;Buona;Sufficiente;0;0;0;2;;;-1;1;Autovettura privata;In marcia / fermata / arresto;Passeggero;M;Illeso;0;;Utilizzato;Inesistente
1725229;12;27/05/2007 13:45;Strada Urbana;VIA LAURENTINA;all'intersezione con;VIA DI ACQUA ACETOSA OSTIENSE;VIA DI ACQUA ACETOSA OSTIENSE;;;Scontro laterale fra veicoli in marcia;Intersezione semaforizzata;Due carreggiate;Asciutto;Asfaltata;Verticale ed orizzontale;Sereno;Scarso;Buona;Ore Diurne;1;0;0;1;;;-1;1;Autovettura privata;In marcia / fermata / arresto;Conducente;M;Illeso;0;;Utilizzato;Esploso
1725229;12;27/05/2007 13:45;Strada Urbana;VIA LAURENTINA;all'intersezione con;VIA DI ACQUA ACETOSA OSTIENSE;VIA DI ACQUA ACETOSA OSTIENSE;;;Scontro laterale fra veicoli in marcia;Intersezione semaforizzata;Due carreggiate;Asciutto;Asfaltata;Verticale ed orizzontale;Sereno;Scarso;Buona;Ore Diurne;1;0;0;1;;;-1;2;Autovettura privata;In marcia / fermata / arresto;Conducente;M;Rimandato;0;NON DECEDUTO;Utilizzato;Inesploso
1725230;12;28/05/2007 08:45;Strada Urbana;VIALE DELL'OCEANO ATLANTICO;all'intersezione semaforizzata con;PIAZZALE VENTICINQUE MARZO 1957;PIAZZALE VENTICINQUE MARZO 1957;;;Tamponamento;Intersezione semaforizzata;Una carreggiata a senso unico di marcia;Asciutto;Asfaltata;Verticale ed orizzontale;Sereno;Intenso;Buona;Ore Diurne;0;0;0;2;;;-1;1;Autovettura privata;In marcia / fermata / arresto;Conducente;M;Illeso;0;;Utilizzato;Inesistente
1725230;12;28/05/2007 08:45;Strada Urbana;VIALE DELL'OCEANO ATLANTICO;all'intersezione semaforizzata con;PIAZZALE VENTICINQUE MARZO 1957;PIAZZALE VENTICINQUE MARZO 1957;;;Tamponamento;Intersezione semaforizzata;Una carreggiata a senso unico di marcia;Asciutto;Asfaltata;Verticale ed orizzontale;Sereno;Intenso;Buona;Ore Diurne;0;0;0;2;;;-1;2;Motociclo a solo;In marcia / fermata / arresto;Conducente;M;Illeso;0;;Utilizzato;Inesistente
1725231;12;26/05/2007 13:00;Strada Urbana;VIA ROMOLO GIGLIOZZI;all'intersezione con;VIA TOR DE' CENCI;VIA TOR DE' CENCI;;;Tamponamento;Incrocio;Una carreggiata a doppio senso;Asciutto;Asfaltata;Verticale ed orizzontale;Sereno;Scarso;Buona;Ore Diurne;2;0;0;2;;;-1;1;Autobus urbano;In marcia / fermata / arresto;Conducente;M;Illeso;0;;Utilizzato;Inesploso
1725231;12;26/05/2007 13:00;Strada Urbana;VIA ROMOLO GIGLIOZZI;all'intersezione con;VIA TOR DE' CENCI;VIA TOR DE' CENCI;;;Tamponamento;Incrocio;Una carreggiata a doppio senso;Asciutto;Asfaltata;Verticale ed orizzontale;Sereno;Scarso;Buona;Ore Diurne;2;0;0;2;;;-1;2;Autovettura privata;In marcia / fermata / arresto;Conducente;M;Rimandato;0;NON DECEDUTO;Utilizzato;Inesploso
1725231;12;26/05/2007 13:00;Strada Urbana;VIA ROMOLO GIGLIOZZI;all'intersezione con;VIA TOR DE' CENCI;VIA TOR DE' CENCI;;;Tamponamento;Incrocio;Una carreggiata a doppio senso;Asciutto;Asfaltata;Verticale ed orizzontale;Sereno;Scarso;Buona;Ore Diurne;2;0;0;2;;;-1;2;Autovettura privata;In marcia / fermata / arresto;Passeggero;F;Rimandato;0;NON DECEDUTO;Non accertato;Inesistente
1725231;12;26/05/2007 13:00;Strada Urbana;VIA ROMOLO GIGLIOZZI;all'intersezione con;VIA TOR DE' CENCI;VIA TOR DE' CENCI;;;Tamponamento;Incrocio;Una carreggiata a doppio senso;Asciutto;Asfaltata;Verticale ed orizzontale;Sereno;Scarso;Buona;Ore Diurne;2;0;0;2;;;-1;3;Autocarro inferiore 35 q.;In marcia / fermata / arresto;Conducente;M;Illeso;0;;Utilizzato;Inesploso
1725232;12;28/05/2007 13:00;Strada Urbana;VIA DI DECIMA;da specificare;;;;direz. VIA OSTIENSE alt. ipermercato PAM;Tamponamento Multiplo;Rettilineo;Una carreggiata a doppio senso;Bagnato (pioggia);Asfaltata;Verticale ed orizzontale;Pioggia in atto;Normale;Insufficiente;Ore Diurne;2;0;0;2;;;-1;1;Autovettura privata;In marcia / fermata / arresto;Conducente;F;Rimandato;0;NON DECEDUTO;Utilizzato;Inesistente
1725232;12;28/05/2007 13:00;Strada Urbana;VIA DI DECIMA;da specificare;;;;direz. VIA OSTIENSE alt. ipermercato PAM;Tamponamento Multiplo;Rettilineo;Una carreggiata a doppio senso;Bagnato (pioggia);Asfaltata;Verticale ed orizzontale;Pioggia in atto;Normale;Insufficiente;Ore Diurne;2;0;0;2;;;-1;2;Autovettura privata;In marcia / fermata / arresto;Conducente;F;Rimandato;0;NON DECEDUTO;Utilizzato;Inesploso
1725232;12;28/05/2007 13:00;Strada Urbana;VIA DI DECIMA;da specificare;;;;direz. VIA OSTIENSE alt. ipermercato PAM;Tamponamento Multiplo;Rettilineo;Una carreggiata a doppio senso;Bagnato (pioggia);Asfaltata;Verticale ed orizzontale;Pioggia in atto;Normale;Insufficiente;Ore Diurne;2;0;0;2;;;-1;3;Autovettura privata;In marcia / fermata / arresto;Conducente;M;Illeso;0;;Utilizzato;Inesistente
1725232;12;28/05/2007 13:00;Strada Urbana;VIA DI DECIMA;da specificare;;;;direz. VIA OSTIENSE alt. ipermercato PAM;Tamponamento Multiplo;Rettilineo;Una carreggiata a doppio senso;Bagnato (pioggia);Asfaltata;Verticale ed orizzontale;Pioggia in atto;Normale;Insufficiente;Ore Diurne;2;0;0;2;;;-1;4;Autovettura privata;In marcia / fermata / arresto;Conducente;M;Illeso;0;;Utilizzato;Inesistente
1725233;12;28/05/2007 14:30;Strada Urbana;VIA DI TOR PAGNOTTA;in prossimità;;del palo luce n. ;48;;Fuoriuscita dalla sede stradale;Rettilineo;Una carreggiata a doppio senso;Bagnato (pioggia);Asfaltata;Orizzontale;Pioggia in atto;Normale;Buona;Ore Diurne;1;0;0;0;;;-1;1;Autovettura privata;In marcia / fermata / arresto;Conducente;F;Rimandato;0;NON DECEDUTO;Utilizzato;Inesistente
1725234;12;29/05/2007 08:20;Strada Urbana;VIALE DELL'ESERCITO;all'intersezione con;VIA DEI BERSAGLIERI;VIA DEI BERSAGLIERI;;;Infortunio per caduta del veicolo;Incrocio;Più di due carreggiate;Asciutto;Asfaltata;Verticale ed orizzontale;Nuvoloso;Normale;Buona;Ore Diurne;0;0;0;1;;;-1;1;Motociclo a solo;In marcia / fermata / arresto;Conducente;M;Illeso;0;;Utilizzato;Inesistente
1725235;12;29/05/2007 08:30;Strada Urbana;VIA DI TRIGORIA;all'intersezione con;VIA PIER CARLO BOGGIO;VIA PIER CARLO BOGGIO;;;Scontro laterale fra veicoli in marcia;Incrocio;Una carreggiata a doppio senso;Asciutto;Asfaltata;Verticale ed orizzontale;Nuvoloso;Normale;Buona;Ore Diurne;1;0;0;1;;;-1;1;Autovettura privata;In marcia / fermata / arresto;Conducente;M;Illeso;0;;Utilizzato;Inesistente
1725235;12;29/05/2007 08:30;Strada Urbana;VIA DI TRIGORIA;all'intersezione con;VIA PIER CARLO BOGGIO;VIA PIER CARLO BOGGIO;;;Scontro laterale fra veicoli in marcia;Incrocio;Una carreggiata a doppio senso;Asciutto;Asfaltata;Verticale ed orizzontale;Nuvoloso;Normale;Buona;Ore Diurne;1;0;0;1;;;-1;2;Motociclo a solo;In marcia / fermata / arresto;Conducente;M;Rimandato;0;NON DECEDUTO;Utilizzato;Inesistente
1725236;15;28/05/2007 11:50;Strada Urbana;VIA DELLA MAGLIANA;in prossimità;;del civico n. ;430;;Veicolo in marcia contro ostacolo accidentale;Cavalcavia;Una carreggiata a doppio senso;Asciutto;Asfaltata;Assente;Nuvoloso;Scarso;Buona;Ore Diurne;1;0;0;0;;;-1;1;Motociclo a solo;In marcia / fermata / arresto;Conducente;M;Rimandato;0;NON DECEDUTO;Non accertato;Inesistente
1725237;15;28/05/2007 09:00;Strada Urbana;VIALE CASTELLO DELLA MAGLIANA;da specificare;;;;IN PROSSIMITA' DELL'INT.NE CON VIA C.G. VIOLA;Scontro laterale fra veicoli in marcia;Rettilineo;Due carreggiate;Asciutto;Asfaltata;Verticale ed orizzontale;Sereno;Normale;Buona;Ore Diurne;1;0;0;2;;;-1;1;Autovettura privata;In marcia / fermata / arresto;Passeggero;F;Illeso;0;;Utilizzato;Inesistente
1725237;15;28/05/2007 09:00;Strada Urbana;VIALE CASTELLO DELLA MAGLIANA;da specificare;;;;IN PROSSIMITA' DELL'INT.NE CON VIA C.G. VIOLA;Scontro laterale fra veicoli in marcia;Rettilineo;Due carreggiate;Asciutto;Asfaltata;Verticale ed orizzontale;Sereno;Normale;Buona;Ore Diurne;1;0;0;2;;;-1;1;Autovettura privata;In marcia / fermata / arresto;Conducente;M;Illeso;0;;Non accertato;Inesistente
1725237;15;28/05/2007 09:00;Strada Urbana;VIALE CASTELLO DELLA MAGLIANA;da specificare;;;;IN PROSSIMITA' DELL'INT.NE CON VIA C.G. VIOLA;Scontro laterale fra veicoli in marcia;Rettilineo;Due carreggiate;Asciutto;Asfaltata;Verticale ed orizzontale;Sereno;Normale;Buona;Ore Diurne;1;0;0;2;;;-1;2;Motociclo a solo;In marcia / fermata / arresto;Conducente;M;Rimandato;0;NON DECEDUTO;Utilizzato;Inesistente
1725238;15;28/05/2007 09:00;Strada Urbana;VIA DEL TRULLO;in prossimità;;del civico n. ;2;;Veicolo in marcia contro ostacolo fisso;Curva a visuale libera;Due carreggiate;Asciutto;Asfaltata;Verticale ed orizzontale;Nuvoloso;Normale;Buona;Ore Diurne;1;0;0;0;;;-1;1;Autovettura privata;In marcia / fermata / arresto;Conducente;F;Rimandato;0;NON DECEDUTO;Non accertato;Inesistente
1725239;15;28/05/2007 14:50;Provinciale entro l'abitato;VIA PORTUENSE;in corrispondenza;;del civico n. ;719;;Scontro laterale fra veicoli in marcia;Rettilineo;Una carreggiata a doppio senso;Asciutto;Asfaltata;Orizzontale;Nuvoloso;Normale;Buona;Ore Diurne;0;0;0;2;;;-1;1;Autovettura privata;In marcia / fermata / arresto;Passeggero;M;Illeso;0;;Utilizzato;Inesistente
1725239;15;28/05/2007 14:50;Provinciale entro l'abitato;VIA PORTUENSE;in corrispondenza;;del civico n. ;719;;Scontro laterale fra veicoli in marcia;Rettilineo;Una carreggiata a doppio senso;Asciutto;Asfaltata;Orizzontale;Nuvoloso;Normale;Buona;Ore Diurne;0;0;0;2;;;-1;1;Autovettura privata;In marcia / fermata / arresto;Conducente;F;Illeso;0;;Utilizzato;Inesistente
1725240;15;28/05/2007 19:05;Strada Urbana;VIA DEL TRULLO;da specificare;;;;di fronte al civico 202;Scontro laterale fra veicoli in marcia;Rettilineo;Due carreggiate;Asciutto;Asfaltata;Verticale ed orizzontale;Nuvoloso;Intenso;Buona;Ore Diurne;1;0;0;2;;;-1;1;Autovettura privata;In marcia / fermata / arresto;Conducente;M;Illeso;0;;Utilizzato;Inesistente
1725240;15;28/05/2007 19:05;Strada Urbana;VIA DEL TRULLO;da specificare;;;;di fronte al civico 202;Scontro laterale fra veicoli in marcia;Rettilineo;Due carreggiate;Asciutto;Asfaltata;Verticale ed orizzontale;Nuvoloso;Intenso;Buona;Ore Diurne;1;0;0;2;;;-1;1;Autovettura privata;In marcia / fermata / arresto;Passeggero;M;Illeso;0;;Utilizzato;Inesistente
1725240;15;28/05/2007 19:05;Strada Urbana;VIA DEL TRULLO;da specificare;;;;di fronte al civico 202;Scontro laterale fra veicoli in marcia;Rettilineo;Due carreggiate;Asciutto;Asfaltata;Verticale ed orizzontale;Nuvoloso;Intenso;Buona;Ore Diurne;1;0;0;2;;;-1;2;Motociclo a solo;In marcia / fermata / arresto;Conducente;M;Rimandato;0;NON DECEDUTO;Utilizzato;Inesistente
1725241;16;17/05/2007 21:20;Strada Urbana;VIA PORTUENSE;da specificare;;;;altezza Largo Gaetano La Loggia;Scontro laterale fra veicoli in marcia;Rettilineo;Una carreggiata a doppio senso;Asciutto;Asfaltata;Verticale ed orizzontale;Sereno;Scarso;Buona;Sufficiente;1;0;0;1;;;-1;1;Autovettura privata;In marcia / fermata / arresto;Conducente;F;Illeso;0;;Non accertato;Inesistente
1725241;16;17/05/2007 21:20;Strada Urbana;VIA PORTUENSE;da specificare;;;;altezza Largo Gaetano La Loggia;Scontro laterale fra veicoli in marcia;Rettilineo;Una carreggiata a doppio senso;Asciutto;Asfaltata;Verticale ed orizzontale;Sereno;Scarso;Buona;Sufficiente;1;0;0;1;;;-1;2;Ciclomotore;In marcia / fermata / arresto;Conducente;M;Rimandato;0;NON DECEDUTO;Non accertato;Inesistente
1725242;16;22/05/2007 08:30;Strada Urbana;VIA SILVESTRI;in prossimità;;del civico n. ;219;;Veicolo in marcia contro veicolo in sosta;Rettilineo;Una carreggiata a doppio senso;Asciutto;Asfaltata;Orizzontale;Sereno;Normale;Buona;Ore Diurne;0;0;0;1;;;-1;1;Autovettura privata;In marcia / fermata / arresto;Conducente;F;Illeso;0;;Non accertato;Inesistente
1725243;16;23/05/2007 08:20;Strada Urbana;VIA DELLA CONSOLATA;in prossimità;;del civico n. ;130 (distributore Total Bonjour);;Scontro frontale/laterale SX fra veicoli in marcia;Rettilineo;Una carreggiata a doppio senso;Asciutto;Asfaltata;Orizzontale;Sereno;Normale;Buona;Ore Diurne;1;0;0;2;;;-1;1;Ciclomotore;In marcia / fermata / arresto;Conducente;M;Rimandato;0;NON DECEDUTO;Non accertato;Inesistente
1725243;16;23/05/2007 08:20;Strada Urbana;VIA DELLA CONSOLATA;in prossimità;;del civico n. ;130 (distributore Total Bonjour);;Scontro frontale/laterale SX fra veicoli in marcia;Rettilineo;Una carreggiata a doppio senso;Asciutto;Asfaltata;Orizzontale;Sereno;Normale;Buona;Ore Diurne;1;0;0;2;;;-1;2;Autovettura privata;In marcia / fermata / arresto;Conducente;F;Illeso;0;;Non accertato;Inesistente
1725243;16;23/05/2007 08:20;Strada Urbana;VIA DELLA CONSOLATA;in prossimità;;del civico n. ;130 (distributore Total Bonjour);;Scontro frontale/laterale SX fra veicoli in marcia;Rettilineo;Una carreggiata a doppio senso;Asciutto;Asfaltata;Orizzontale;Sereno;Normale;Buona;Ore Diurne;1;0;0;2;;;-1;2;Autovettura privata;In marcia / fermata / arresto;Passeggero;F;Illeso;0;;Non accertato;Inesistente
1725244;16;23/05/2007 08:40;Strada Urbana;VIA LUIGI ZAMBARELLI;in prossimità;;del civico n. ;12;;Scontro frontale/laterale SX fra veicoli in marcia;Rettilineo;Una carreggiata a doppio senso;Asciutto;Asfaltata;Orizzontale;Sereno;Intenso;Buona;Ore Diurne;1;0;0;1;;;-1;1;Autovettura privata;In marcia / fermata / arresto;Conducente;M;Illeso;0;;Non accertato;Inesistente
1725244;16;23/05/2007 08:40;Strada Urbana;VIA LUIGI ZAMBARELLI;in prossimità;;del civico n. ;12;;Scontro frontale/laterale SX fra veicoli in marcia;Rettilineo;Una carreggiata a doppio senso;Asciutto;Asfaltata;Orizzontale;Sereno;Intenso;Buona;Ore Diurne;1;0;0;1;;;-1;2;Motociclo a solo;In marcia / fermata / arresto;Conducente;F;Rimandato;0;NON DECEDUTO;Non accertato;Inesistente
1725245;16;23/05/2007 10:10;Strada Urbana;VIA AURELIA ANTICA;all'intersezione con;VIA DELLA NOCETTA;VIA DELLA NOCETTA;;;Scontro frontale/laterale DX fra veicoli in marcia;Incrocio;Una carreggiata a doppio senso;Asciutto;Asfaltata;Verticale ed orizzontale;Sereno;Normale;Buona;Ore Diurne;1;0;0;1;;;-1;1;Ciclomotore;In marcia / fermata / arresto;Conducente;F;Rimandato;0;NON DECEDUTO;Non accertato;Inesistente
1725245;16;23/05/2007 10:10;Strada Urbana;VIA AURELIA ANTICA;all'intersezione con;VIA DELLA NOCETTA;VIA DELLA NOCETTA;;;Scontro frontale/laterale DX fra veicoli in marcia;Incrocio;Una carreggiata a doppio senso;Asciutto;Asfaltata;Verticale ed orizzontale;Sereno;Normale;Buona;Ore Diurne;1;0;0;1;;;-1;2;Autovettura privata;In marcia / fermata / arresto;Conducente;F;Illeso;0;;Non accertato;Inesistente
1725246;16;23/05/2007 10:15;Strada Urbana;VIA DI MONTE VERDE;all'intersezione con;VIA TARQUINIO VIPERA;VIA TARQUINIO VIPERA;;;Scontro laterale fra veicoli in marcia;Intersezione stradale segnalata;Una carreggiata a senso unico di marcia;Asciutto;Asfaltata;Verticale;Sereno;Normale;Buona;Ore Diurne;0;0;0;2;;;-1;1;Autovettura privata;In marcia / fermata / arresto;Conducente;M;Illeso;0;;Non accertato;Inesistente
1725246;16;23/05/2007 10:15;Strada Urbana;VIA DI MONTE VERDE;all'intersezione con;VIA TARQUINIO VIPERA;VIA TARQUINIO VIPERA;;;Scontro laterale fra veicoli in marcia;Intersezione stradale segnalata;Una carreggiata a senso unico di marcia;Asciutto;Asfaltata;Verticale;Sereno;Normale;Buona;Ore Diurne;0;0;0;2;;;-1;2;Autovettura privata;In marcia / fermata / arresto;Conducente;M;Illeso;0;;Non accertato;Inesistente
1725247;16;23/05/2007 16:15;Strada Urbana;VIALE DEI QUATTRO VENTI;in corrispondenza;;del civico n. ;253;;Infortunio per caduta del veicolo;Rettilineo;Una carreggiata a doppio senso;Viscido da liquidi oleosi;In cubetti di porfido;Orizzontale;Sereno;Normale;Buona;Ore Diurne;1;0;0;1;;;-1;1;Motociclo a solo;In marcia / fermata / arresto;Conducente;M;Rimandato;0;NON DECEDUTO;Non accertato;Inesistente
1725247;16;23/05/2007 16:15;Strada Urbana;VIALE DEI QUATTRO VENTI;in corrispondenza;;del civico n. ;253;;Infortunio per caduta del veicolo;Rettilineo;Una carreggiata a doppio senso;Viscido da liquidi oleosi;In cubetti di porfido;Orizzontale;Sereno;Normale;Buona;Ore Diurne;1;0;0;1;;;-1;2;Autovettura privata;In marcia / fermata / arresto;Conducente;F;Illeso;0;;Non accertato;Inesistente
1725248;16;23/05/2007 18:45;Strada Urbana;VIA DEL CASALE LUMBROSO;all'intersezione con;VIA ARNALDO CANTANI;VIA ARNALDO CANTANI;;;Scontro frontale/laterale SX fra veicoli in marcia;Incrocio;Una carreggiata a doppio senso;Asciutto;Asfaltata;Assente;Sereno;Scarso;Buona;Ore Diurne;2;0;0;1;;;-1;1;Autovettura privata;In marcia / fermata / arresto;Conducente;F;Illeso;0;;Non accertato;Inesistente
1725248;16;23/05/2007 18:45;Strada Urbana;VIA DEL CASALE LUMBROSO;all'intersezione con;VIA ARNALDO CANTANI;VIA ARNALDO CANTANI;;;Scontro frontale/laterale SX fra veicoli in marcia;Incrocio;Una carreggiata a doppio senso;Asciutto;Asfaltata;Assente;Sereno;Scarso;Buona;Ore Diurne;2;0;0;1;;;-1;2;Ciclomotore;In marcia / fermata / arresto;Conducente;M;Rimandato;0;NON DECEDUTO;Non accertato;Inesistente
1725248;16;23/05/2007 18:45;Strada Urbana;VIA DEL CASALE LUMBROSO;all'intersezione con;VIA ARNALDO CANTANI;VIA ARNALDO CANTANI;;;Scontro frontale/laterale SX fra veicoli in marcia;Incrocio;Una carreggiata a doppio senso;Asciutto;Asfaltata;Assente;Sereno;Scarso;Buona;Ore Diurne;2;0;0;1;;;-1;2;Ciclomotore;In marcia / fermata / arresto;Passeggero;M;Rimandato;0;NON DECEDUTO;Non accertato;Inesistente
1725249;16;24/05/2007 08:50;Strada Urbana;VIA DI VAL TELLINA;in prossimità;;del fronte civico n. ;9;;Veicolo in marcia contro veicolo in sosta;Rettilineo;Una carreggiata a doppio senso;Asciutto;Asfaltata;Orizzontale;Sereno;Normale;Buona;Ore Diurne;0;0;0;2;;;-1;1;Autovettura privata;In marcia / fermata / arresto;Conducente;F;Illeso;0;;Non accertato;Inesistente